-- phpMyAdmin SQL Dump
-- version 4.7.4
-- https://www.phpmyadmin.net/
--
-- Servidor: 127.0.0.1
-- Tiempo de generación: 12-01-2019 a las 19:07:31
-- Versión del servidor: 10.1.30-MariaDB
-- Versión de PHP: 7.2.1

SET SQL_MODE = "NO_AUTO_VALUE_ON_ZERO";
SET AUTOCOMMIT = 0;
START TRANSACTION;
SET time_zone = "+00:00";


/*!40101 SET @OLD_CHARACTER_SET_CLIENT=@@CHARACTER_SET_CLIENT */;
/*!40101 SET @OLD_CHARACTER_SET_RESULTS=@@CHARACTER_SET_RESULTS */;
/*!40101 SET @OLD_COLLATION_CONNECTION=@@COLLATION_CONNECTION */;
/*!40101 SET NAMES utf8mb4 */;

--
-- Base de datos: `saberpro`
--

-- --------------------------------------------------------

--
-- Estructura de tabla para la tabla `años`
--

CREATE TABLE `años` (
  `id` int(11) NOT NULL,
  `año` int(11) NOT NULL,
  `detalle` varchar(45) NOT NULL
) ENGINE=InnoDB DEFAULT CHARSET=utf8;

--
-- Volcado de datos para la tabla `años`
--

INSERT INTO `años` (`id`, `año`, `detalle`) VALUES
(1, 2014, ''),
(2, 2015, ''),
(3, 2016, ''),
(4, 2017, ''),
(5, 2018, ''),
(6, 2019, '');

-- --------------------------------------------------------

--
-- Estructura de tabla para la tabla `competencias`
--

CREATE TABLE `competencias` (
  `id` int(11) NOT NULL,
  `nombreCompe` varchar(45) NOT NULL,
  `activo` tinyint(4) DEFAULT NULL
) ENGINE=InnoDB DEFAULT CHARSET=utf8;

--
-- Volcado de datos para la tabla `competencias`
--

INSERT INTO `competencias` (`id`, `nombreCompe`, `activo`) VALUES
(1, 'Competencias  Ciudadanas', 1),
(2, 'Lectura Critica', 0),
(3, 'Razonamiento Cuantitativo', 0),
(4, 'Comunicación Escrita', 0),
(5, 'Inglés', 0);

-- --------------------------------------------------------

--
-- Estructura de tabla para la tabla `cuestionarios`
--

CREATE TABLE `cuestionarios` (
  `idCuestionarios` int(11) NOT NULL,
  `cuestionarioNombre` varchar(45) DEFAULT NULL,
  `cuestionarioTema` varchar(50) DEFAULT NULL,
  `fechaCread` date DEFAULT NULL,
  `fechaLimite` date DEFAULT NULL,
  `competencias_idCompetencias` int(11) NOT NULL,
  `created_at` date DEFAULT NULL,
  `updated_at` date DEFAULT NULL
) ENGINE=InnoDB DEFAULT CHARSET=utf8;

--
-- Volcado de datos para la tabla `cuestionarios`
--

INSERT INTO `cuestionarios` (`idCuestionarios`, `cuestionarioNombre`, `cuestionarioTema`, `fechaCread`, `fechaLimite`, `competencias_idCompetencias`, `created_at`, `updated_at`) VALUES
(0, 'Cuestionario 1 Preguntas 1', '11', NULL, NULL, 1, '2018-08-29', '2018-08-29');

-- --------------------------------------------------------

--
-- Estructura de tabla para la tabla `cuestionarios_has_personas`
--

CREATE TABLE `cuestionarios_has_personas` (
  `cuestionarios_idCuestionarios` int(11) NOT NULL,
  `personas_idPersona` int(11) NOT NULL,
  `propiedad` tinyint(4) DEFAULT NULL,
  `porcentajeCompletado` varchar(45) DEFAULT NULL
) ENGINE=InnoDB DEFAULT CHARSET=utf8;

-- --------------------------------------------------------

--
-- Estructura de tabla para la tabla `detcuestionario`
--

CREATE TABLE `detcuestionario` (
  `idDetCuestionario` int(11) NOT NULL,
  `preguntas_idPregunta` int(11) NOT NULL,
  `cuestionarios_idCuestionarios` int(11) NOT NULL
) ENGINE=InnoDB DEFAULT CHARSET=utf8;

-- --------------------------------------------------------

--
-- Estructura de tabla para la tabla `historialsaberpros`
--

CREATE TABLE `historialsaberpros` (
  `idHistorial` int(11) NOT NULL,
  `año` varchar(45) DEFAULT NULL,
  `periodo` varchar(45) DEFAULT NULL,
  `puntaje` float(10,2) DEFAULT NULL,
  `competencias_idCompetencias` int(11) NOT NULL
) ENGINE=InnoDB DEFAULT CHARSET=utf8;

--
-- Volcado de datos para la tabla `historialsaberpros`
--

INSERT INTO `historialsaberpros` (`idHistorial`, `año`, `periodo`, `puntaje`, `competencias_idCompetencias`) VALUES
(388, '2014', '1', 4.50, 1),
(389, '2014', '1', 4.50, 1),
(390, '2014', '1', 4.50, 1),
(391, '2015', '1', 3.50, 1),
(392, '2015', '1', 4.50, 1),
(393, '2015', '1', 5.00, 1),
(394, '2014', '1', 4.50, 1),
(395, '2016', '1', 3.00, 1),
(396, '2016', '1', 4.00, 1),
(397, '2014', 'Seleccione..', 4.00, 1),
(398, '2017', 'Seleccione..', 5.00, 1),
(399, '2017', 'Seleccione..', 0.00, 1);

-- --------------------------------------------------------

--
-- Estructura de tabla para la tabla `materialapoyo`
--

CREATE TABLE `materialapoyo` (
  `idMaterialApoyo` int(11) NOT NULL,
  `detalle` varchar(45) DEFAULT NULL,
  `path` varchar(255) NOT NULL,
  `competencias_idCompetencias` int(11) NOT NULL
) ENGINE=InnoDB DEFAULT CHARSET=utf8;

-- --------------------------------------------------------

--
-- Estructura de tabla para la tabla `periodos`
--

CREATE TABLE `periodos` (
  `id` int(11) NOT NULL,
  `periodo` int(11) NOT NULL,
  `detalle` varchar(45) NOT NULL
) ENGINE=InnoDB DEFAULT CHARSET=utf8;

--
-- Volcado de datos para la tabla `periodos`
--

INSERT INTO `periodos` (`id`, `periodo`, `detalle`) VALUES
(1, 1, ''),
(2, 2, '');

-- --------------------------------------------------------

--
-- Estructura de tabla para la tabla `personas`
--

CREATE TABLE `personas` (
  `idPersona` int(11) NOT NULL,
  `numIdenti` varchar(15) NOT NULL,
  `nombre` varchar(30) NOT NULL,
  `apellidos` varchar(30) NOT NULL,
  `edad` int(11) DEFAULT NULL,
  `sexo` varchar(10) DEFAULT NULL,
  `email` varchar(45) DEFAULT NULL
) ENGINE=InnoDB DEFAULT CHARSET=utf8;

-- --------------------------------------------------------

--
-- Estructura de tabla para la tabla `preguntas`
--

CREATE TABLE `preguntas` (
  `id` int(11) NOT NULL,
  `codigoPregunta` varchar(45) NOT NULL,
  `detallePregunta` varchar(255) NOT NULL,
  `enunciado` text,
  `tipoPregunta_idTipoPregunta` int(11) NOT NULL,
  `competencias_idCompetencias` int(11) NOT NULL
) ENGINE=InnoDB DEFAULT CHARSET=utf8;

--
-- Volcado de datos para la tabla `preguntas`
--

INSERT INTO `preguntas` (`id`, `codigoPregunta`, `detallePregunta`, `enunciado`, `tipoPregunta_idTipoPregunta`, `competencias_idCompetencias`) VALUES
(1, 'CC000001', '¿Que problema se ha detallado en el video?', 'https://www.youtube.com/watch?v=kFsaW3wzjBA&list=RDGMEM2VCIgaiSqOfVzBAjPJm-agVMHqDz5U7U0Ak&index=10', 2, 1),
(3, 'CC000002', 'responde de acuerdo a la imagen', '<p>Hola Como se encuentra el dia de hoy&nbsp;</p><p><img src=\"data:image/png;base64,iVBORw0KGgoAAAANSUhEUgAAAQQAAAD5CAYAAADBc0t5AAAAAXNSR0IArs4c6QAAAARnQU1BAACxjwv8YQUAAAAJcEhZcwAADsMAAA7DAcdvqGQAADkTSURBVHhe7Z0HeBVV+v+RHukg0oWEkFCSAIFQQyiRTkgAaQICAlKUIqiICthFithWKa7+wRXLT7GwVFERBLGACqxYcFVQ17ara0FAyPc/3+x98Xg8k8yEgHduzvd5Ps+dOeU9Z2bO+86ZuXPnFvn++++xf/9+dLoeFoulkJMTED744AMcPHgQ77//fmDY9eabYc/bb7+N/e++a+y/xXK62LVrV74p8t///hcff/wxDh8+jB9//BE//PBDIPj2m2/w+WefhRVffP45vvzyy5y+MdCa+m2xnG4+d8ZhfskJCJwdZGdnWyyWCIAno/xyMiAETUd++QX/dTbAYskPPzjj/qeffsoZR8ePHw+NqsgQfTq/BDYgmA6yxZJffv75Z5yIkMCgO7kfbECwWBSOHj0aGmHBle7kfrABwWLROHLkSGiUBVO6k/vBBgSLxUCQZwq6k+tkZWUZ04kNCBaLC0G9p6A7uQqDgWDKtwHBwJ49+zB2wpScT1O+pXDAG41BlO7kghoM3IJCoQgIi+/6C66dcxO+/uorY74Oy2/btt2Y5wXW9dNeJMDgefkVs3Dw04PG/KASxK8kdScnpmAgqOUiPiBwoNI5iT3jnz4iNSDwOYWgSXVwv0R8QHj8/1afhGd+NY/rvTMH5SB5PKvfcttCY/CQMz/zWWecc1nBtCHDL85ZZxtqOdrisrTB8nQYpjN/xcpVv6sr/ZFytCVlxQbtqX1SUbdHyrnVFwdesuyvOensB/PYNtfVfcWy0k+1byome+o+VPeDum9kWWxw38q6oG+D7GdyKna9wIeXgibdyf0Q0QGBA0Ccm4OYg0QGszpo1HLqsm5PBh8/WY71xUGYpi4z78CHB3KcRGxJYJK60r7YVfNk0NMx1XK6owksL07MfDlbu9UnXFbbUfPkHgptcLtM/ZG2pU3dnpSTPLYv28d82jbtH9WupLM8l1mH9fl5qna9wCcagybdyf0Q0QGBA0I9M3CwcPBwmZ+mgc313AKCeoakPRloLC9OKLb1gCDI4DXV5brYlXLSZ72eoJdzS1frs031xinTVKeTfut90+sJerrsA7apLkue7Ec5Jsxz2+9q31RO1a5Xgibdyf1QhD953LJlS8hUcGQ6cDocSDKdFNSBpeZzmWm5DSB9ANKW1GN5PSCwHNN5FmMbkka4zHJ6XdUu1znApZzepmAq55Yu9fU2mSb7hmkSEFhXnEzPE5tEt8d6sr20re43tSzLsV2mqcFbh2XkWMn2FIRdLwRNJkf3SsTOEDgodGdwG8wcLOKgXC7IgKDWF6dT29Prcl3s6uVkXdoU9HJu6Wp9vU3pG5fV/aSX47rbDEEtp+4DdVnyJMgQ5vHeg75dJtS+FaTd3AiadCf3Q8QGBHVwSJrqEKoDMF2CgLos9QR9AOYVEHbt2v07J5F2pR8sp9fV7XJZ2mR5uc5nngrLyfYwX5zWrb7epro/mCZOx2XuR1N/uC7o9tR9xTzTtb7U5bLbdkm+tE/7rM/PU7XrlaBJd3I/RGxA4GBQB4fAgcUB/qFzfc8BdLovGZgvbUiaDF6W0+vqdqWs2JA6Om7l3NL1Ntme7C+mSUCQsnQs1teDrKDbU/eBrEsf1HRTWR3aZLv6NpBTseuVoEl3cj9E9E1FSzBQA2BBUlB2gybdyf1gA4LlT4Nnbp7BC+IsrlLQdoMm3cn9YAOCxZIHQZPu5H6wAcFiyYOgSXdyP9iAYLHkQdCkO7kfbECwWPIgaNKd3A8RHRB4l9n0dZSK+nVZQX1NZYksgibdyf0QsQGBTu32PIGK/v25xaITNOlO7oeIDAjytZP6IIspjWVNMwQ+YSgP4gh25lB4CZp0J/dDRM8Q6MTi+Lx8kCfxmCaPtHq5ZDhdD85YgkHQpDu5HwpFQJBHXyU4qHl5BQQ1kFgKJ0GT7uR+KFQBQb0EIDzr5xYQmK8HCEvhI2jSndwPhSYg0Onp/Ho5t4Bgmi1YCidBk+7kfnACwhu4oe+8kKngyHTgVNSAwHV16s8gID+bNQWEF1/c4vqrPkvhI2gyObpXiuy49y4063tPyFRwZDpwKnpAkHX1coHppoDwyKNP/O7SgtgAUTgpdO9UfPQqBoTImyFYLAVB4Xvr8o7HbUCwWFwofP/L8NFGjLEBwWIxEin/3OSVIi0G2EsGi8VEpP23oxdyAsINmyLva0eL5VSJxH9/zgsnIDyOTRH4HILFciocPXo0NNKCJ5Oje8XOECwWjSNHjoRGWTBlcnSvFPl49V/tPQSLJUSQZwYik6N7JWIfXbZY/MAbiEG9Z6BLd3I/BDYg8Pth04G1WLzAJxD50BHHURC/WsxNupP7IbABwcrKyizdyf1gZwiWiCKSz/xepTu5H+w9BEtEE0n3BrxKd3I/2IBgKRREwrcHXqU7uR9sQLAUGoL+fIFX6U7uBxsQLIWKwjBT0J3cDzYgWAodkX5PQXdyP9iAYPFEJL19Oqi/YvQq3cn9UOSSSy7BJ598EjIVHJkOtApfd2Z607K8Uu1Mw3b9voZNtuHP6rPA18zxX7Ai6YWzkfyVpMnRvVLEEbp37x4yFRyZDrKKyZnUl6uqZc8EQQ4IkUgQ34TkVSZH90qRDz74gFEhZCo4Mh1kFTdn0v9rgfkye5B0pqll1Bex6i9rFfssM9Zpj4jjSwBiOU631YDAfogN+Rcppqv2+eklIDCf/SO52SNuttS+qvUJ+y715eW0OizDWYTYkP1HO7LvWE7dt7n1m6j7SNrVt0dsSR2vBPFdiV5lcnSv5NxDKEwBQR2gXKYD81MGGgc281hGBicHo1w/81OWaVsGMeGytCfty0BmHQkILKMGB9UmP1WH4aDXt0FHLaduB/N0e7rTEakj7fBT6rP/Ul/fRhWWl21Sy3E5t4Dg1m+1HOvK8WC+lGG66Rh7IYhvU/Yq3cn9UKgDgjrYmSeD8NDBQzmfzJeByjzdpppHuxJc9HZM6yoScFR7TNfX3WC+GmDyssd8tb5bO6bytKvXl3RxVNWevt1MYx7LuPVb7JnaUXHrt1ciVbqT+6HQBQR1EHLAydRTUPM4KNUBLTb1OixrGvjqYFfzZSCrNtiW2Jc+ex3wzBcn47r0XbdH3BxNyrIv0m9TP6Wven3VrtrvvAKCqd9S39RP2uPsQ+2Pun1+iFTpTu6HIgcOHEDFihVDpoIj0wFWMTkD4SCTQSgDUM0XZCCvWbPuZBnaZBrz3MrLwM9tXe0D83RHkD7r627k5Vi6Pear9XXEnsyU8mqfsD2xq7ar7wd12936rdsT9P6r7ajlvBKpMjm6V5zJQRGMGjUqZCo4Mh1gFQ5APSBwcKrXwFxXp/kchDJAZbDpZyCWkUGr2tMHvj54WUfOvKpTSD/FpppHu17OgMyXOlynDbHHT9Ue+yvbK7AP7Luks5ypP9JX2SYVlpd0lmUd2lH3kaSr/ZFl1lP7bWqXf7HHNGmH9e0M4Y8yObpXivTp06dQP4cgg4qIw0oeB56eJoNa6sjg1AOCpMn0dsmyv+bUY77aN35yFiKDX7XPT965Zx9ZR3VaFeZLfa6rjqX31815ctsPtCV5YlfHLSBwnemsy32xYuWqk33Nrd9iU9oV22o/ma+265dIlcnRvWKfVAwQDBymgGDJH5Eq3cn9YANCQOBZlGdXOZtaTp1Ile7kfrABwVJoiVTpTu6HIkOHDsX7778fMhUcmQ6wxeKHSJXJ0b1SZNiwYYiJiQmZCo5MB9hi8UOkyuToXsm5ZFi8eHHIVHBkOsDhBG/+qV9pWsKPSJXu5H6w9xBOE/w6zO0rvvzC4KJ/tWnJP5Eq3cn9YANCgLABoWCJVOlO7oeIDgh0IHkwSH3YRh6cMT30wnQ+DJRXHTn7y6UBkfJu7er46R/zWEYt67Udi5lIle7kfojYgCAOJI7LKbw8Fac+EcdyTOenPAUnAUKehNOXWY6OSIcUp5R2cmuX60J++se2ZIYg9dW+mtqxuBOp0p3cDxEbEOho6llTdSbV4bzU2bfvH79zXjmDc51l1JuHubXLdSE//VPL6Ha5bm9i+iNSpTu5HyI6IMiUW5CzOvPpcJIujs5P9SwrTicBQbVF6Li6Y+bVrpCf/qltMU0NKPxknt6OxZ1Ile7kfigyduxYrF+/PmQqODIdYBXdud1QHUl3MllnQHBzNtVJpY6XdvPTP7UtvV2u2xmCPyJVJkf3SpFJkyahSpUqIVPBkekAq9BR6Mx0PK7zbC7OzrOvXHtznY7JT5ZVz8gsJ1N3dZlOJ/cNdMfMrV2uC7mVc+uf2pbUl3Ks4yXAWH4jUmVydK8U2bt3b8Q+uiyOq0/HxZn0KTk/6XCE6aqD8ZPrUkccUQ8IkmZqV8dv/yRdAodaX9JU+xZ37DsVzdjnEBToePYsWziwb102YwOCgg0IhQf7vwxmbECwFErsPzeZsQHBUuiw/+3oTpEvv/zSBgRLocL++7M7RWrWrIlXXnklZCo4Mh1oiyUvjh49GhpBkSuTo3sl5zXsRYsWDZkKjkwH22LJjSNHjoRGT2TL5OheyQkIJGgyHXCLxY3CMDMQmRzdKzYgWCIa3kCM9HsGukyO7pXABgR+j2waAJbCDZ9A5ENHHB+R/NVibjI5uldyAkKjRo1CpqysrIIuk6N7pUjJkiUD+WevdoZgOZ0EeaZhcnSvFBkxYkRE/vzZYilIgnQvwuToXrFPKlosPgjCtxW6k/vBBgSLxSfh/jyD7uR+sAHBYskH4TxT0J3cDzYgWCz5JFzvKehO7gcbECIIvs/BvjnpzBGuv5rUndwPNiD8SfD1Z/qr104FvtSFfzDj9rq2wg5feSfvxCxIwvErSd3J/WADwp9EQQcES+6croAQjm9e0p3cDwUaEPbtehUr774NM8cOxsDOKejQJBopsbXRPiEe/bulY+6VM/DmK1tCpU9NpoOjIg63ZNlfjS875fRaXmIqr02TF6lOnX71yZebSpqUZZrajsmeOm13q68HBFN/xLag25IXvRIv9QnrsAz3x4qVq06WVd/0LO2ofc3rZa6m/c36LM911Rm92CPqNqlvlWa6uo2qs6u2+cl13Y7UkTQpJ+36IRzfzag7uR8KJCA8u2ol+qWnIrluFTSpUQ71q5ZBgxqVEVuzKs6rWhFVy5RGxZLFEV+tEvokReOqEQPw9vatodr5k+ngqMjAUAeADCLmyX8YyOBnOXVZ7HBZHYimwcMBTWeQdLYlzuVWn0hA4DLTmW/qg6AOfNZjOalv2h69vqmc9I3lpc+Sx/7QPp2Wy8xTt0e3zW1Qt1vdVmnXqz21nN5Xpql1ZL9IObHNT6arZSRdDURMlzy/hOPbm3Un98MpBYQP9u/DrLEj0LZuLSRE10FcvboYcsEA3Dj3eixatBi3z1uAAVn9UT7qbJQvUQIxVSqha8NoDG7XAjdNGIMnli/DgXy+At50cFTUQch1HnxxWg4OdUDJADt08FDOp8kx1HXJF1Tbanpu9VlWAoK0r/bHdOZUB7WertdX172Uo13ZLq4znfl6X9R+i11JV/e32ld1/3i1p2+Duq7nSVtqv1Vbahk9Pa88L4SbdCf3Q74DwgsvPY+M9Dbo36YlWsfEoFVyS9y26F48/MRzeOTJtXji2U24b9kK9OiegfKly6BambKIrlABXeLqo12dmhh5fhfcPG0aBnXtipef3xiy6l2mA6OiDzR1UHIAyHRR4CD98MMDvxtQrMN0dYCpjqNCuzwj0pYM1tzqq/3jujrA3ZxE6kufxa7b9uj1WU4d+Kwv7arbpToW0W3LmV/sEL3PaltMk33v1Z6+T9S+qstSVm2L20676j5Qy8j2qX1Q94tfwk26k/uhyDt738UrO3aGTHnTBseBk1o2QZd2yRjerSu6pbTFgoV3Y/OOd/DsC6/h8bVbsOqZTZg+cw4a1I9HncpV0KxObfRsloQxXbuhxTlV0T2hCS7JykSnxARktmuJvTu3hax7k+nAqHCAqWcsdV0dHCqqI+S2zvpqPR2xn1t99kMcSB/gXDc5tIrqZG7bo8NyejuyzvqyXeJUzNf75oa6PVxX+6T21as9vZy6ruexHdP2q+XU/uj7Qc3LD+Emk6N7xfcMgf/ylJDcFHUbnIe2LRIxbsAAzLxsOl55fQ82bd+DZ154HY+v24oHH38WPTP645zyFRF/7jloX682BqU0x+SMTGQmNcXo9M4YnJbqBIqaGNX7fCyYMhKHPnw31EreMh0YFQ4+9ZpWHQTMU4MFBwPz5JKBA0nsSJ4MRK9nR2nXrb5ah8tMZz7LsbxpgDJN7LIey0l90/bIgBdM7Ug5vZ88a/KT9iU40AbbNwUrdXuknGwD0yQgeLWnltP7yjTZj1KObant0AbLSR/U/nBZbKn1pW2/hJt0J/eD74Bw+fTLkdSqOWrG1ERKswRMGTkaS+5agp17D2DzznfxtBMQnty4HfPuWYaEZi1RrmRJ1CsbhZSqFdGpZlX0bBCHUR1SceslozE4tTWa1a6OqRf2x71XT8SdV4wJtZK3TAdGRQYoD7w+fSQcLDJdlDwZeDJYiaRJWTVPhYNMyshgY7pbfd2B1P6o9VVk8Oq2iFpf31YVtRydQNpSbfN5BqarfaUDMk8cUberb49bQJCyedkj0leWUb8RYR5tM4995jcb0pbbfpB0llO3lZ9r1qxz3edeCDfpTu4HXwHh+c0b0TezD1p3aosa0TXQPKkRLh83Hvffsxw79v0TG3e+h9Uv7sbjG3dg8qwbUfO8WJQpUcoJCGXQpsa56BVb1wkKNdEvIQ5zhvVHn6bxaFGHAaEf7rl6Eqb0aYM3XvL2U2zTgVHRB6jlj9BJTsURziR0ZHH6cCPcpDu5H3wFhKnTJqBv3+5o07ENohvWQ0pyIi4bPQaL7/gLtv3jU6zd8QGeeXkPlj62DumZQ1G2UjWcXeJsRFeqjLZ1aqPLebVwvnPp0LdRDC7tmYa06Gro06IRbpw0AndfNR4TeqRg4YzxodZyl+nAqNiAkDfhHBDUWQQJ58AVbtKd3A+eA8IXX/4LmRmd0DO9JVLbNUfjhnHokNIKE0eNxvzFS/DCu19h7asfY/3WvZhz0yLUr98QUSWjULZEadSuUAkdGsYjs0VTpDeMRVpsHXSKq41u8TVxafe2WDDmAtx96TCM75aCMb074q1db4dadZfpwFgsfwbhJt3J/eA5ILyx6w1k9uqAtNbxSEqIRYOY+ujcqjWmjrwId995D7bvP4T1O/+JvzuXDHNunI8GsQ1R7uyyKFsqCuWKFUedMlFoXLkcGldyqFIOretVxUWdU3DrxYNwtzNDuHVUf4zt2hpje6fhqYceCLXqLtOBsVj+DMJNupP7wXNAWLPmaWQ6Z/OuaU3RrFljxNSLQafkZEwfPhA3zZiMrdtfw8ZX92PD1recgDAPsbHxODuqDM52AkKZYsVQrVRxNChfGs2rV0abetWR0bIxpg3ogeVXXYpN98zL+RzUNgED05pjwdWXh1p1l+nAWCx/BuEm3cn94DkgPPzgEmR0aYEenZujZUoz55KhMbq3ScEVg3pj7piBeOzBpdi8/R2se/FVXDf3JsTFxyPq7DIoVbIUoooWQ5USxRBfMQqp9aqha+M6GN4pGdcN74OHr52MzXfdjBXO57DUJAzt2BRXXtg71Kq7TAfGYvkzCDfpTu4HzwHhvkW3oI/jrF07JiK5ZSKaNG6Mnm1aYEqfVMwd0QuLZ8/Appd2YPVzGzB+wkRER9dD6dKlUaJESUQ5lwzVokoiqVp5dKl/Lvolx2Bct2TcMioDj8wajw23z8ITc6bi8r4dMDS1CYZ1Sgq16i7TgQlXeDOMN8V4E8+U7wXeYedXeaY8N9xuGhZEfyy/EW7SndwPngPCopuvQff2DZHWOhqJTeujYXwMurdKwJS+7XHDqD5OQJiOtes24Y5Fd6JNqxRUqlDOCQYlULx4CZSPikJM5QpoG10dWcmxuNBx+km9WuFWp97fZo7FxnlXYeOCa7Bo/ED0SqyNtIS6oVbdZTowkUxBBgRLwRJu0p3cD54DwsJbr0XXdrFo16IGEpNqo0FsDZyfEo8rh3bDkrmT8dLap/D3Z57DkAEXoNY5VVC6eFEUL1YMpUtFoVqFikiuVxsDU1Nw7cWDcd24Ibhp0oW4Y8oIrLxmEtbNuwYv3HUjHpo1CR1iKqNPh6ahVt1lOjAqugNxWXcoOVPyoRf5iotlWFceWpGvLaWsfA3mdnZlupSR+voZWf1KTX94hl+VEubJQzvsk9iUbVDbcXN6lmEeHzRiuYLqj9qGpbBeMtwzH93T4tCpbW2kto9Fy+RoZHRMwozhvbDqvnnY886buO36G9AsPg4VS5VEmeLFUKp4cZQpHYXoatXRo0VzXDN6BB66cyGeeHAJXnrmMax76C9YfccteHb+jVi3+DYsvXoKzm9UC3MmDAq16i7TgVERZ+DgJ6a3CYljSDlxMjqd5IkDMkgQsW1yDjoSnUfSWVe1xXosQ6fjMsvQpt4+P6WOtMlP6Ys4sKmcitjTt6Eg+mP5jXCT7uR+8BwQnnx8JXp1ikePtHro0TkevdKTMLRXa4zOaI9pY4dg9KiLkN6+PWpUrIiyzswgqmhRlCpaDBWcgNA8tj4uGzQAN0y8BCuWLsfi22/H06sewZ5tW/DJa9vxztrnsOVvK/DMknuRntQAd910dahVd5kOjAoHOgcwP+lADAgc1GoZGeSqo9GhWYfrHPzM051GdSixRVhODQiCWp6oZ2G1TT2PbYsDSl+4zHK0J9uj1xPc2lJ/1elWJq/+WH4j3KQ7uR88B4S33nwVQ3smY1RmKwzq0hidGp+D9IQaGNG9DWaMGoSrJo5B3+7pqFShAooXL42iZxVHybPOQp2K5dCvQyvnMmE4Fl9zJR57wAkIt9yCJx9egc1rnsXenTvx1ccf49hPP+Kj9/ZjpBM4XnUCRV4yHRgdDl4Oag5kcSYV3bHzCgg8W6qYbNKGTL/FafWAoNuR2QbzVEdXHVANCPxUy+n9FnR7Uk4PCPnpj+U3wk26k/vBc0CgrhjXDxP6t8MVw9IxKastJmS0weyLszBv2ijMnjgcvTu3dS4RSqFo0ZI466wSqFS2LDqnNMO0kUMxZ/IELFs4H0sXLsTSRYuw8v77cmYJm9Y8h727d+On/36Hf312EKtWPhRqLXeZDowOBzRnBqbLBaI6Ktd1x1IDAtNNNnJDHEhtR3cyldwcUA0Iejmue5khyLoeEPLTH8tvhJt0J/eDr4Dw9KN/xQWpsU4gaInpA1Mxc2hnzL6oG24e1xdT+qehcfVyKFeiKEo4lwvFncuFWlWrIKNzB0weNQzXTpuK26+/AcvvWISlC+bj3ttvw1OPPIwtz2/AO7vfwBefH8K3336Njw58GGotd5kOjA4dgQ7gNuCZJo7BdbeAIMviDCwn1/BcF/T6rEvUdqRPUpf54rS5OaDaF7V9sS3lVJjPM760JdtQEP2x/Ea4SXdyP/gKCNTkYT2Q1aoOLurcEBN7NsWMrBRcNzgV1w7ugIl92qJHy3jEVquMSiVLoEVcNKZfPBTzrpmB+XNnY5FzqfDAHQuxZMHtePSBpdj6/Hq8vmMbdu16HZ99cQi/HPP+F1l8l53p4OiojqSjOgbXcwsIUlam1W42mS5lxJlM7chlhUzPmZ6bA4pdaZdl9XaYriL25FuGguyP5X8U+ncq7t+zG6kNKqFrYjX0S6mDkWmxmNS1Ea7IaIbrBqXiigs6YmJmR2S1SURGSjwu7tUOsydciDtvmIUH71mMVUvvxfLF8/HIA/fjrddewT7H3r539+DgF5/hePaJUCt5i2+7NR0gFTp2fqb6FotX7FuXHf199RNIqFUW7ePOQXcnMAxoUQOj2p+HyV0aYHrvZMwa3AWzhp6Py3qnYOz5ibikVytcNrgnZk8dhztvnY2ld87DU6sewltvbsfefbvx/kfv4fARf++35/vwTQdIkLOenFEtltOB/V+GkJ5+8gnUr14eTc+rgLS4yujZpAqGNDsXI9vGYGznREzNaI3pfVthWp9kXNq7JYZ0SkJGWnNMGH0Bbp47A4+sXIIN61djy9bn8e1/vg1Z9S7+Y47pAFksZxL7z02Kdu/ahZ7paYivXgYp9SqgS/3y6Nm4BrJa1MeFqY0wpnMTTOiaiHHdmmFgWiK6t03A+LEDcf3cy7Fw4fVY/fSj+Pbf34Ss+Rf/W890kCyWM4H9b0cXLV9yPzqlJCKpRjm0qncO0hrWci4laqN/Sl0Mad8AWa1ic36fkFi/OjIzO2PZsjuwf/+eUO38i/++azpQFsuZwP77cx56YfPzuPG6mRjZvxt6t45FeuK5SG9WC2nJcejepSNmzrwKW7a8GCpdMOL/9JsOlsVyOuG4C1fpTu6HAg0If5aOHDliPGgWy+mA4y2cpTu5HyIiIFB2pmA5E4TzzECkO7kfIiYgULymszcaLacDjqtwvWegS3dyP0RUQBDxqyB+P8yHRrw+0WixqHDccPxwHIXjV4u5SXdyP0RkQLCyKszSndwPNiBYWUWYdCf3gw0IVlYRJt3J/WADgpVVhEl3cj/YgGBlFWHSndwPNiBYWUWYdCf3gw0IVlYRJt3J/WADgpVVhEl3cj/YgGBlFWHSndwPNiBYWUWYdCf3gw0IVgWqg98CD28FZqwEBiwEutwAdLre4gb3D/cT9xf3G/ffqUp3cj/YgGBVIOJAvukp86C3+IP78VQCg+7kfrABweqUtWaXnQkUNNyf3K/5ke7kfrABweqUxGmuaUBbCgbuX7/SndwPNiBY5Vs8g5kGsaVg8TtT0J3cDzYgWOVLvMa1lwlnBu5nP/cUdCf3gw0IVvlSUG4grt0N/HwUuHW1OT8ocH97le7kfrABwcq3eLYyDdq8uHwF8M0P/3NSU/6p8MnXwK5//j6N7X3xH2DFy79PzwvpJ0W7pjKE28Fy9230v10MUAxUIi91vc4SdCf3gw0IVr4VjjcSTQEhv9BZ6eB5zSokIDCAmPJzQ+0vAxaDQ16By+sNRt3J/WADgpVv8SEa04BVobOIZMruZ4ag1ledzmSXjiUSJ1PTfj3+m7OZ6kubhOty5pZ6hMuUWoe22Dd1hqC2K5I+qW2wvNq2l4DG/e5FupP7wQYEK9/ik3WmAStwoH//829OyIFOvAYE1qPj8VPq0GHc7HJZdSjaVx2XeXnVV1HLcZm2pM+0w/6wX6aA4GZHTdfxul+4371Id3I/2IBg5Vt5fbvg5gheBz6dVJyO6+J4j2xzdzA1IOgw3RQQ3FDLsW01uDCNeVyXfpkCAvPVQOKG7BO3vqtwv3uR7uR+sAHByrdMg1WHjiPTbHFuPwFBlzilyS7rqAFB2lHFfOa51VfRA4IuuZRwCwjSvhcnzy2QmfAi3cn9YAOClW+ZBmpucMBz4PsJCOLAuaGWUx2Ln6qzu9lzS9cDgmpLxS0gqH3JDbUdU74JL9Kd3A82IFj5Vl6XDBzgMq3mOp2DeA0IrM8ZgTgKHYz1Nr5jtitlZJmf4sQsS1vMd+sXl1VUR5X60meWl9mKKSCwHaLbLAjsJYNVWCqvm4qEjiMS51QDgup0pvosIxIHZLrJrprOT3Fiip/b3/+trFt9Fb1v/JTLDLlcYLoeEHZ++L9PXW4BIq99oGNvKlqFpbx87egFOqpXZ7DYrx2twlQF8WASz8z7nGFnOkNbzNgHk6zCUvl9dNlyathHl63CVvbtSGcW++Mmq7AWz1Z5fdtgKRi4n73ODijdyf1gA4JVvmVfkHJmsC9IsQqMwvGXj5GE1xuJqnQn94MNCFanLJ7B7OVDwcL96XdmINKd3A9F3tn7Ll7ZsTNkysoqf+I1rr3RWDBwP/q5Z6DL5OhesTMEqwIVBzKnuXyIhk/W2ZlD7nD/cD9xf3G/nUogEOlO7gcbEKysIky6k/vBBgQrqwiT7uR+sAHByirCpDu5H2xAsLKKMOlO7gcbEKysIky6k/vBBgQrqwiT7uR+sAHByirCpDu5H2xAsLKKMOlO7gcbEKysIky6k/vBBgQrqwiT7uR+KLJt+06s37A5ZCoydPz4cRz55Rf89NNP+IEb+v33f4DpzGc5lreyihSZHN0rEfXjphOOY//888/GAJAXrMf6VlZBl8nRvRIxAeHo0aNGR/cL7VhZBVkmR/dKRASEI0eOGJ07v9CelVVQZXJ0rwQ+IBTUzEDHzhSsgiqTo3sl0AGB1/wmZy4o7D0FqyDK5OheCXRAyO8NRK/QvpVV0GRydK8ENiDwq0KTE6sc/PQgxk2Ygt6Zg3LgMtOYt2fPPlx+xayT627YryStgiaTo3slsAGBzw+YHFiQYPD4/60+mcZlNSh4ge1YWQVJJkf3SmADAh8qMjmwwBnAWMf5+SlpEiS2bdvueYbAdqysgiSTo3slsAHB7QlE4euvvsK1c27KuVRgANDzvQYEtmNlFSSZHN0rgQ0IJuc1wWAg9xDU4OA1IBArqyDJ5OheifiAoKJeRtiAYBWpMjm6VyI2IHAmsPiuv/wuTS4j/NxDIFZWQZLJ0b0SsQGBji43ECWNy0OGX2xnCFYRLZOjeyWiLxkkKMj9AwkGzPMaEOxNRaugyeToXilU9xDyg/3a0SpoMjm6V2xAyAP7YJJV0GRydK/YgJAH9tFlq6DJ5OhesQEhF+yPm6yCKJOje8UGhFywP3+2CqJMju4VGxBcsC9IsQqqTI7uFRsQDNhXqFkFWSZH94oNCBp2ZmAVdJkc3Ss2IISwr2G3ihSJc7/88su+CWxAyOsFKXlh/6jFKlJVKAOClZWVWXaGYLEUEJEwcyyUAcF0MC2WgiaI95ZsQLBYTjNB+vbJBgSL5QwQlOdTwiYg7Nv1KlbefRtmjh2MgZ1T0KFJNFJia6N9Qjz6d0vH3Ctn4M1XtoRKn5pMB8xiOd0EYabwpweEZ1etRL/0VCTXrYImNcqhftUyaFCjMmJrVsV5VSuiapnSqFiyOOKrVUKfpGhcNWIA3t6+NVQ7fzIdLIvlTBDu9xROKSBs274T6zdsDpnypw/278OssSPQtm4tJETXQVy9uhhywQDcOPd6LFq0GLfPW4ABWf1RPupslC9RAjFVKqFrw2gMbtcCN00YgyeWL8OB998PWfMn04GyWM4E4f4r2FMKCKx48ODBkCnveuGl55GR3gb927RE65gYtEpuidsW3YuHn3gOjzy5Fk88uwn3LVuBHt0zUL50GVQrUxbRFSqgS1x9tKtTEyPP74Kbp03DoK5d8fLzG0NWvct0oAoa/tMTX8rKl7Oa8gsz3Df6S2zDAb4Sj6/Gk1flsY/qv3cVFOH8leQZDwgbHAdOatkEXdolY3i3ruiW0hYLFt6NzTvewbMvvIbH127Bqmc2YfrMOWhQPx51KldBszq10bNZEsZ07YYW51RF94QmuCQrE50SE5DZriX27twWsu5NpoNU0NiA4E5QAsLpIpzfpHVGA8L7zhQ/Ibkp6jY4D21bJGLcgAGYedl0vPL6HmzavgfPvPA6Hl+3FQ8+/ix6ZvTHOeUrIv7cc9C+Xm0MSmmOyRmZyExqitHpnTE4LdUJFDUxqvf5WDBlJA59+G6olbxlOkg66ktW1f905NuX5cWrRH8zs7yQ9ZbbFp4MCKotYnIG1lUDiPoiV3kFvN4mHUvSBNMZTW1f+kUb+sti9T7I9hA1XcetHO1zXzBdXlKrlpX9YKqv942fzJN1FbUdL/1nu9wPap1DBw/lfHJd+qrOEPR+e2nHjXB+1+YZDQiXT78cSa2ao2ZMTaQ0S8CUkaOx5K4l2Ln3ADbvfBdPOwHhyY3bMe+eZUho1hLlSpZEvbJRSKlaEZ1qVkXPBnEY1SEVt14yGoNTW6NZ7eqYemF/3Hv1RNx5xZhQK3nLdJBUeEB5YHmguS5nNA4S9T8fmS4DQAYl60h9IgNNBpZuQ+BAV89O0iaX+SnLtC8DVuoSvb6KXp8Dl58s6xYQmCf9lO0RGypu5WSZNsW21Fe3jfX0/ZZXfRV9u1mG9t3sShkJ8mo5N1tMZ3nVFuFybu24Ec5v4z5jAeH5zRvRN7MPWndqixrRNdA8qREuHzce99+zHDv2/RMbd76H1S/uxuMbd2DyrBtR87xYlClRygkIZdCmxrnoFVvXCQo10S8hDnOG9UefpvFoUYcBoR/uuXoSpvRpgzdeWh9qLXeZDpIKD7LqKG5wEMjAUJf1PLWOPugEGUwcgLJMG+pgVMvJOtHLqORWX99Opkmf2Q9Z1vPENnErJ4FQ2tXriNPodrkuzspyhOksb7Kl13dLV+3SlrTPfOkn80wBwWRL1nNrh+tuhKvOWECYOm0C+vbtjjYd2yC6YT2kJCfistFjsPgO50D/41Os3fEBnnl5D5Y+tg7pmUNRtlI1nF3ibERXqoy2dWqjy3m1cL5z6dC3UQwu7ZmGtOhq6NOiEW6cNAJ3XzUeE3qkYOGM8aHWcpfpAKnkdlA5SGR6qE4R3RxDBo1ax3SGJ+IoqqMS9kWtT8RRaJ/tyLqOPsilPPuUV0DQ2zTtk9zKqX1X68p2yrK639Q+cZlT+w8//DCnjN62qb5bumpXHJ3p6v5gnrqvpJxuS99Pbu1w3Y1w1RkJCF98+S9kZnRCz/SWSG3XHI0bxqFDSitMHDUa8xcvwQvvfoW1r36M9Vv3Ys5Ni1C/fkNElYxC2RKlUbtCJXRoGI/MFk2R3jAWabF10CmuNrrF18Sl3dtiwZgLcPelwzC+WwrG9O6It3a9HWrVXaYDpOJ2UDkQ1IGtDgx1Wc078OGBnDpcZ7o+6FSk3TVr1p10mNzKE3Vwm2B9tX32j/3iur6d6uDmsvQhN7yWU/ePWkdNl3XZx0xjQFixcpVrG3p9t3TVrrrPmM9yzNf3tZQz2ZL13NrhuhvhqjMSEN7Y9QYye3VAWut4JCXEokFMfXRu1RpTR16Eu++8B9v3H8L6nf/E351Lhjk3zkeD2IYod3ZZlC0VhXLFiqNOmSg0rlwOjSs5VCmH1vWq4qLOKbj14kG425kh3DqqP8Z2bY2xvdPw1EMPhFp1l+kAqfBgqk7EQcGD/uKLW343WJkmg0Gto+bpAYG23GYIUo9nVClPODDFIVhPrlnV9NxgGekn64l91Za+PcxT73WoNlTbbuW43apzSX+5rAYE5ud2Dc6y+v5QMbVPcrPLT9rlsuSxnFtAcDu2XM6r/26EqyQg5AfPAWHNmqeR6ZzNu6Y1RbNmjRFTLwadkpMxffhA3DRjMrZufw0bX92PDVvfcgLCPMTGxuPsqDI42wkIZYoVQ7VSxdGgfGk0r14ZbepVR0bLxpg2oAeWX3UpNt0zL+dzUNsEDExrjgVXXx5q1V28qWM6SCpyoNXprhxwpjGPZ3L1DMtBwTzCsxrPbqwjg1rSZQDqbRKWlfYkTW2XsIyeJpgGo1qW/SXSvvSN2yN9Y3nmqduj90nFrVxe6dJXtZzaPuFxUPexCbf6buluAUGWuS/YrlpObOW1n9R0N4JwUzE/eA4IDz+4BBldWqBH5+ZomdLMuWRojO5tUnDFoN6YO2YgHntwKTZvfwfrXnwV1829CXHx8Yg6uwxKlSyFqKLFUKVEMcRXjEJqvWro2rgOhndKxnXD++Dhaydj8103Y4XzOSw1CUM7NsWVF/YOteoufu1jOlCFAdUBTPnhBh3Syxn3TML+nEqfgvC1Y37wHBDuW3QL+jjO2rVjIpJbJqJJ48bo2aYFpvRJxdwRvbB49gxsemkHVj+3AeMnTER0dD2ULl0aJUqURJRzyVAtqiSSqpVHl/rnol9yDMZ1S8YtozLwyKzx2HD7LDwxZyou79sBQ1ObYFinpFCr7irML0gJUkCg0+U2MzmdfP/ddyfZs2fvydlizixg9o346ssvf1fGZMONIDyYlB88B4RFN1+D7u0bIq11NBKb1kfD+Bh0b5WAKX3b44ZRfZyAMB1r123CHYvuRJtWKahUoZwTDEqgePESKB8VhZjKFdA2ujqykmNxoeP0k3q1wq1Ovb/NHIuN867CxgXXYNH4geiVWBtpCXVDrbqLj46aDpSlcKI69nf/+c8podoytUWC8OhyfvAcEBbeei26totFuxY1kJhUGw1ia+D8lHhcObQblsydjJfWPoW/P/Mchgy4ALXOqYLSxYuieLFiKF0qCtUqVERyvdoYmJqCay8ejOvGDcFNky7EHVNGYOU1k7Bu3jV44a4b8dCsSegQUxl9OjQNtZq7+CMT08GyFB7UIMD3FZw4cSI0Ok5dtHXs2DEc1sZZUH7clB+8XzLcMx/d0+LQqW1tpLaPRcvkaGR0TMKM4b2w6r552PPOm7jt+hvQLD4OFUuVRJnixVCqeHGUKR2F6GrV0aNFc1wzegQeunMhnnhwCV565jGse+gvWH3HLXh2/o1Yt/g2LL16Cs5vVAtzJgwKtZq7+DNU9UBZChdqIDjdYnA4fPhwTrtB+flzfvAcEJ58fCV6dYpHj7R66NE5Hr3SkzC0V2uMzmiPaWOHYPSoi5Devj1qVKyIss7MIKpoUZQqWgwVnIDQPLY+Lhs0ADdMvAQrli7H4ttvx9OrHsGebVvwyWvb8c7a57DlbyvwzJJ7kZ7UAHfddHWo1bzFF1boA8US+TAY/Off/z7jU/cgvHhVd3I/eA4Ib735Kob2TMaozFYY1KUxOjU+B+kJNTCiexvMGDUIV00cg77d01GpQgUUL14aRc8qjpJnnYU6FcuhX4dWzmXCcCy+5ko89oATEG65BU8+vAKb1zyLvTt34quPP8axn37ER+/tx0gncLzqBAo/4hnCNGgskcnJYPDrrwD56SdkO2nHnbF0dM5sHL1yGk68OAXZ7w3Fibcuw69P3YfjL72I7K+/Rja/HYjwf+fSndwPngMCdcW4fpjQvx2uGJaOSVltMSGjDWZfnIV500Zh9sTh6N25rXOJUApFi5bEWWeVQKWyZdE5pRmmjRyKOZMnYNnC+Vi6cCGWLlqElffflzNL2LTmOezdvRs//fc7/Ouzg1i18qFQa/5kZwqFAwkGv4Tu8p/49FMcW7IEx+bNw5FLL8UvfTPwy4BMHL2+M068loCjtzfD4YyeOHLxaBy76y4ce+ghHH/ttZy6kSrdyf3gKyA8/ehfcUFqrBMIWmL6wFTMHNoZsy/qhpvH9cWU/mloXL0cypUoihLO5UJx53KhVtUqyOjcAZNHDcO106bi9utvwPI7FmHpgvm49/bb8NQjD2PL8xvwzu438MXnh/Dtt1/jowMfhlrzL17b2RuNkYvcM/j2m29CRxw4tnw5Dvft6wSCvo7jO8GgTx/8ktkbR6Z3wokt8fjl0kQc7t0Tvzh5h5mXlYUjEyaEakemdCf3g6+AQE0e1gNZrergos4NMbFnU8zISsF1g1Nx7eAOmNinLXq0jEdstcqoVLIEWsRFY/rFQzHvmhmYP3c2FjmXCg/csRBLFtyORx9Yiq3Pr8frO7Zh167X8dkXh/DLsYK5OcTrPH5PzIdHvDzRaAkGDAj/dmYHvLknOvbgUvzcs/v/AoHQrxeOLWqLE6/G4+htjXG4Z1cnvbcTFJy8/pw9zA7Vdtfg1UD7/+c4VwD/CFx3cj/4Dgj79+xGaoNK6JpYDf1S6mBkWiwmdW2EKzKa4bpBqbjigo6YmNkRWW0SkZESj4t7tcPsCRfizhtm4cF7FmPV0nuxfPF8PPLA/XjrtVewz7G37909OPjFZzieXXBfGVlFlrKzs3Pu9PPSkMuiEzuW4fDFrfFzt3TH6Xs5MwXH8Ud1w/ENSch+qyGOP90Ivwxv76Q7eVnOzOGqHjix88FQbbMYDIrcbAOCZ/199RNIqFUW7ePOQXcnMAxoUQOj2p+HyV0aYHrvZMwa3AWzhp6Py3qnYOz5ibikVytcNrgnZk8dhztvnY2ld87DU6sewltvbsfefbvx/kfv4fCR8H3yy+rPF4MAZ35y7+Ckdo7GiYcb4OgNdPw2OJx1Po7d2wondjVC9p6GOPF6QxxbloQj17XBrytScHxLMrIPTAtV/qMYDCosAOrcbQOCLz395BOoX708mp5XAWlxldGzSRUMaXYuRraNwdjOiZia0RrT+7bCtD7JuLR3SwzplISMtOaYMPoC3Dx3Bh5ZuQQb1q/Glq3P49v/fBuyamVlFgPCr7/++seHgra0AdbXQ/bauji+tj5+/T8nCOxwgsHehsje58CgsMvhTSftbaY3QfYHXUKV/6hxa50Y85m9ZAiZ8qfdu3ahZ3oa4quXQUq9CuhSvzx6Nq6BrBb1cWFqI4zp3AQTuiZiXLdmGJiWiO5tEzB+7EBcP/dyLFx4PVY//Si+/fdvN4isrNwkTw3+4UdFmxOBDXWR/aITFHbFIfsdJwhIMBCc9RMMDDnpTlB4NzlU2V02IJyCli+5H51SEpFUoxxa1TsHaQ1rOZcStdE/pS6GtG+ArFaxOb9PSKxfHZmZnbFs2R3Yv39PqLaVVd6SgPDjjz+GUkJ6tR+wMQZ4yQkIbzkBwQkAv7wWj/++7LA1Ht+/FI+v1sXh6w1xOLor3slvjOz30kKV3WUDQgHohc3P48brZmJk/27o3ToW6YnnIr1ZLaQlx6F7l46YOfMqbNnyYqi0lZV3qQGByyf1zyXA8w2BnBlCg5xZwGerY7FhajTWX1YfWy5tiLWDG+KV6+rj51fjcWJfIrI/zftrRy8BQb25GU7SndwPBRoQrKxOl9RLht/dWPzpI+D1Yc6lQwyyX2+Qc3nw47Y4vHZzNJ69qB62XdwY785pgq/XxDnBwrlceK8Dsr9fG6rsLhsQrKzCWOpNRT6LcFInjgJfO7PO7T2R/YoTEPb8757Br7vj8e8NDfBv53Lh5+3OzGCPc6nwbgvgy4XArwVzE9sGBCurP0l0Pvna8bvvvvvt4SQ+u/LrT8C324A9lyH7jRQnIDRFtnNpcGIvScKJfyQj+8Msp4xzyj/2uVPn2P/qnoI4Y7EBwcrqTxKdj07IB5N4H+Gbb77JuYQI5Toe6iwf/cpxeme28Ml84KNLkf3xWGR/dg3wn8eAIwecMk7gyD71XysyMAUtIGRlZbmilrMBwSowogPysoGzA84Svvzyy5wAcSbFYMA+hGswoFQHV8krGBAbEKwCI5klyM1F3kv417/+9cevIk+D2C5/Zs+2w3l2QOlOrpJbMCA2IFgFSnREnqXl0oFBgTOFQ4cO5azz7F1QYjsMAgw+hG0yLZyDAaU7uY5bMCA2IFgFTmpQoKPy8oH3FDhb+Oyzz3LG86effopPPvkkh48//jhXpBzrsC5t0BZt0naQggGlO7kfbECwCqQkKHAKz3sKnB3QeTlj+Prrr/HVV1/lzBzo2F5gWdZhXdqgLdrktxpsIyjBgNKd3A82IFgFVnRQXs/zMoFncDovn1OgI//www/GAZ8brMO6tEFbtEnb4X7PQJdp27xiA4JVoEVHlcDAszgdmGd0OnN+YF3aoC0JBEEKBpTu5H6wAcEqIiSOK8HhVFBtBVG6k/vBBgSriJXq2F6IFOlO7oeTAeHzzz+3WCwRwHvvvZdv7AzBysoqJOD/AyEKuSl8MMrqAAAAAElFTkSuQmCC\" data-filename=\"Captura1.PNG\" style=\"width: 260px;\"></p>', 2, 1),
(6, '', 'hola mundo', '<p>hola mundo pequeño,&nbsp;</p><p><br></p>', 2, 1);
INSERT INTO `preguntas` (`id`, `codigoPregunta`, `detallePregunta`, `enunciado`, `tipoPregunta_idTipoPregunta`, `competencias_idCompetencias`) VALUES
(7, '', 'hola mundo', '<p>hola mundo pequeño,&nbsp;</p><p><img src=\"data:image/jpeg;base64,/9j/4QlQaHR0cDovL25zLmFkb2JlLmNvbS94YXAvMS4wLwA8P3hwYWNrZXQgYmVnaW49Iu+7vyIgaWQ9Ilc1TTBNcENlaGlIenJlU3pOVGN6a2M5ZCI/PiA8eDp4bXBtZXRhIHhtbG5zOng9ImFkb2JlOm5zOm1ldGEvIiB4OnhtcHRrPSJBZG9iZSBYTVAgQ29yZSA1LjYtYzEzOCA3OS4xNTk4MjQsIDIwMTYvMDkvMTQtMDE6MDk6MDEgICAgICAgICI+IDxyZGY6UkRGIHhtbG5zOnJkZj0iaHR0cDovL3d3dy53My5vcmcvMTk5OS8wMi8yMi1yZGYtc3ludGF4LW5zIyI+IDxyZGY6RGVzY3JpcHRpb24gcmRmOmFib3V0PSIiLz4gPC9yZGY6UkRGPiA8L3g6eG1wbWV0YT4gICAgICAgICAgICAgICAgICAgICAgICAgICAgICAgICAgICAgICAgICAgICAgICAgICAgICAgICAgICAgICAgICAgICAgICAgICAgICAgICAgICAgICAgICAgICAgICAgICAgICAgICAgICAgICAgICAgICAgICAgICAgICAgICAgICAgICAgICAgICAgICAgICAgICAgICAgICAgICAgICAgICAgICAgICAgICAgICAgICAgICAgICAgICAgICAgICAgICAgICAgICAgICAgICAgICAgICAgICAgICAgICAgICAgICAgICAgICAgICAgICAgICAgICAgICAgICAgICAgICAgICAgICAgICAgICAgICAgICAgICAgICAgICAgICAgICAgICAgICAgICAgICAgICAgICAgICAgICAgICAgICAgICAgICAgICAgICAgICAgICAgICAgICAgICAgICAgICAgICAgICAgICAgICAgICAgICAgICAgICAgICAgICAgICAgICAgICAgICAgICAgICAgICAgICAgICAgICAgICAgICAgICAgICAgICAgICAgICAgICAgICAgICAgICAgICAgICAgICAgICAgICAgICAgICAgICAgICAgICAgICAgICAgICAgICAgICAgICAgICAgICAgICAgICAgICAgICAgICAgICAgICAgICAgICAgICAgICAgICAgICAgICAgICAgICAgICAgICAgICAgICAgICAgICAgICAgICAgICAgICAgICAgICAgICAgICAgICAgICAgICAgICAgICAgICAgICAgICAgICAgICAgICAgICAgICAgICAgICAgICAgICAgICAgICAgICAgICAgICAgICAgICAgICAgICAgICAgICAgICAgICAgICAgICAgICAgICAgICAgICAgICAgICAgICAgICAgICAgICAgICAgICAgICAgICAgICAgICAgICAgICAgICAgICAgICAgICAgICAgICAgICAgICAgICAgICAgICAgICAgICAgICAgICAgICAgICAgICAgICAgICAgICAgICAgICAgICAgICAgICAgICAgICAgICAgICAgICAgICAgICAgICAgICAgICAgICAgICAgICAgICAgICAgICAgICAgICAgICAgICAgICAgICAgICAgICAgICAgICAgICAgICAgICAgICAgICAgICAgICAgICAgICAgICAgICAgICAgICAgICAgICAgICAgICAgICAgICAgICAgICAgICAgICAgICAgICAgICAgICAgICAgICAgICAgICAgICAgICAgICAgICAgICAgICAgICAgICAgICAgICAgICAgICAgICAgICAgICAgICAgICAgICAgICAgICAgICAgICAgICAgICAgICAgICAgICAgICAgICAgICAgICAgICAgICAgICAgICAgICAgICAgICAgICAgICAgICAgICAgICAgICAgICAgICAgICAgICAgICAgICAgICAgICAgICAgICAgICAgICAgICAgICAgICAgICAgICAgICAgICAgICAgICAgICAgICAgICAgICAgICAgICAgICAgICAgICAgICAgICAgICAgICAgICAgICAgICAgICAgICAgICAgICAgICAgICAgICAgICAgICAgICAgICAgICAgICAgICAgICAgICAgICAgICAgICAgICAgICAgICAgICAgICAgICAgICAgICAgICAgICAgICAgICAgICAgICAgICAgICAgICAgICAgICAgICAgICAgICAgICAgICAgICAgICAgICAgICAgICAgICAgICAgICAgICAgICAgICAgICAgICAgICAgICAgICAgICAgICAgICAgICAgICAgICAgICAgICAgICAgICAgICAgICAgICAgICAgICAgICAgICAgICAgICAgICAgICAgICAgICAgICAgICAgICAgICAgICAgICAgICAgICAgICAgICAgICAgICAgICAgICAgICAgICAgICAgICAgICAgICAgICAgICAgICAgICAgICAgICAgICAgICAgICAgICAgICAgICAgICAgICAgICAgICAgICAgICAgICAgICAgICAgICAgICAgICAgICAgICAgICAgICAgICAgICAgICAgICAgICAgICAgICAgICAgICAgICAgICAgICAgICAgICAgICAgICAgICAgICAgICAgICAgICAgICAgICAgICAgICAgICAgICAgICAgICAgICAgICAgICAgICAgICAgICAgICAgICAgICAgICAgICAgICAgICAgICAgICAgICAgICAgICAgICAgICAgICAgICAgICAgICAgICAgICAgICAgICAgICAgICAgICAgICAgICAgICAgICAgICAgICAgICAgICAgICAgICAgICAgICAgICAgICAgICAgICAgICAgICAgICAgICAgICAgICAgICAgICAgICAgICAgICAgICAgICAgICAgICAgICAgICAgICAgICAgICAgICAgICAgICAgICAgICAgICAgICAgICAgICAgICAgICAgICAgICAgICAgICAgICAgICAgICAgICAgICAgICAgICAgICAgICAgICAgICAgICAgICAgICAgICAgICAgICAgICAgICAgICAgICAgICAgICAgICAgICAgICAgICAgICAgICAgICA8P3hwYWNrZXQgZW5kPSJ3Ij8+/+0ALFBob3Rvc2hvcCAzLjAAOEJJTQQlAAAAAAAQ1B2M2Y8AsgTpgAmY7PhCfv/bAIQAAQEBAQEBAQEBAQEBAQEBAQEBAQEBAQEBAQEBAQEBAQEBAQEBAQEBAQEBAQICAgICAgICAgICAwMDAwMDAwMDAwEBAQEBAQECAQECAgIBAgIDAwMDAwMDAwMDAwMDAwMDAwMDAwMDAwMDAwMDAwMDAwMDAwMDAwMDAwMDAwMDAwMD/90ABAD6/+4ADkFkb2JlAGTAAAAAAf/AABEIA+gH0AMAEQABEQECEQH/xAEoAAEAAQMFAQEAAAAAAAAAAAAABwYICQECAwUKBAsBAQABBAMBAQAAAAAAAAAAAAACAQcICQMFBgQKEAAABgIBAgICBg4TCgkCAisAAQIDBAUGBwgREgkhEzEUFSJBUdMKFhcYGjJVVlhhlJWX1SM1N1JXWXF1doGRk5ahtLXU1tcZMzZCVJixs9HSJDhzd4KSsrbBJSZydOHwNENGYqK35ScoOTpoeIjEx/FFWmNlhaWmuERHSElkZmd5hIaHmaSn4ugRAQACAQMCAwMFBwsOCwUECwABAgMEBREGEgchMQgTQRQiMlFhCRdCcYGT1BUYIzdWdHWRlLGzFjM1NlJTVFWhsrTS0+QZNENicnOSwdHj8CQ4guHiJkWDovElREZjZIS1w8Sj/9oADAMAAAERAhEAPwD38AAAAAAAAAAAAAAAAAAAAAAAAAAAAAAAAAAAAAAAAAAAAAAAAAAAAAAAAAAAAAAAAAAAAAAAAAAAAAAAAAAAAAAAAAAAAAAAAAAAAAAAAAAAAAAAAAAAAAAAAAAAAAAAAAAAAAAAAAAAAAAAAAAAAAAAAAAAAAAAAAAAAAAAAAAAAAAAAAAAAAAAAAAAAAAAAAAAAAAAAAAAAAAAAAAAAAAAAAAAAAAAAAAAAAAAAAAAAAAAAAAAAAAAAAAAAAAAAAAAAAAAAAAAAAAAAAAAAAAAAAAAAAAAAAAAAAAAAAAAAAAAAAAAAAAAAAAAAAAAAAAAAAAAAAAAAAP/0PfwAAAAAAAAAAAAAAAAAAAAAAAAAAAAAAAAAAAAAAAAAAAAAAAAAAAAAAAAAAAAAAAAAAAAAAAAAAAAAAAAAAAAAAAAAAAAAAAAAAAAAAAAAAAAAAAAAAAAAAAAAAAAAAAAAAAAAAAAAAAAAAAAAAAAAAAAAAAAAAAAAAAAAAAAAAAAAAAAAAAAAAAAAAAAAAAAAAAAAAAAAAAAAAAAAAAAAAAAAAAAAAAAAAAAAAAAAAAAAAAAAAAAAAAAAAAAAAAAAAAAAAAAAAAAAAAAAAAAAAAAAAAAAAAAAAAAAAAAAAAAAAAAAAAAAAAAAAAAAAAAAAAAAAAAAAAAA//R9/AAAAAAAAAAAAAAAAAAAAAAAAAAAAAAAAAAAAAAAAAAAAAAAAAAAAAAAAAAAAAAAAAAAAAAAAAAAAAAAAAAAAAAAAAAAAAAAAAAAAAAAAAAAAAAAAAAAAAAAAAAAAAAAAAAAAAAAAAAAAAAAAAAAAAAAAAAAAAAAAAAAAAAAAAAAAAAAAAAAAAAAAAAAAAAAAAAAAAAAAAAAAAAAAAAAAAAAAAAAAAAAAAAAAAAAAAAAAAAAAAAAAAAAAAAAAAAAAAAAAAAAAAAAAAAAAAAAAAAAAAAAAAAAAAAAAAAAAAAAAAAAAAAAAAAAAAAAAAAAAAAAAAAAAAAAAAD/9L38AAAAAAAAAAAAAAAAAAAAAAAAAAAAAAAAAAAAAAAAAAAAAAAAAAAAAAAAAAAAAAAAAAAAAAAAAAAAAAAAAAAAAAAAAAAAAAAAAAAAAAAAAAAAAAAAAAAAAAAAAAAAAAAAAAAAAAAAAAAAAAAAAAAAAAAAAAAAAAAAAAAAAAAAAAAAAAAAAAAAAAAAAAAAAAAAAAAAAAAAAAAAAAAAAAAAAAAAAAAAAAAAAAAAAAAAAAAAAAAAAAAAAAAAAAAAAAAAAAAAAAAAAAAAAAAAAAAAAAAAAAAAAAAAAAAAAAAAAAAAAAAAAAAAAAAAAAAAAAAAAAAAAAAAAAAAAP/0/fwAAAAAAAAAAAAAAAAAAAAAAAAAAAAAAAAAAAAAAAAAAAAAAAAAAAAAAAAAAAAAAAAAAAAAAAAAAAAAAAAAAAAAAAAAAAAAAAAAAAAAAAAAAAAAAAAAAAAAAAAAAAAAAAAAAAAAAAAAAAAAAAAAAAAAAAAAAAAAAAAAAAAAAAAAAAAAAAAAAAAAAAAAAAAAAAAAAAAAAAAAAAAAAAAAAAAAAAAAAAAAAAAAAAAAAAAAAAAAAAAAAAAAAAAAAAAAAAAAAAAAAAAAAAAAAAAAAAAAAAAAAAAAAAAAAAAAAAAAAAAAAAAAAAAAAAAAAAAAAAAAAAAAAAAAAAAA//U9/AAAAAAAAAAAAAAAAAAAAAAAAAAAAAAAAAAAAAAAAAAAAAAAAAAAAAAAAAAAAAAAAAAAAAAAAAAAAAAAAAAAAAAAAAAAAAAAAAAAAAAAAAAAAAAAAAAAAAAAAAAAAAAAAAAAAAAAAAAAAAAAAAAAAAAAAAAAAAAAAAAAAAAAAAAAAAAAAAAAAAAAAAAAAAAAAAAAAAAAAAAAAAAAAAAAAAAAAAAAAAAAAAAAAAAAAAAAAAAAAAAAAAAAAAAAAAAAAAAAAAAAAAAAAAAAAAAAAAAAAAAAAAAAAAAAAAAAAAAAAAAAAAAAAAAAAAAAAAAAAAAAAAAAAAAAAAD/9X38AAAAAAAAAAAAAAAAAAAAAAAAAAAAAAAAAAAAAAAAAAAAAAAAAAAAAAAAAAAAAAAAAAAAAAAAAAAAAAAAAAAAAAAAAAAAAAAAAAAAAAAAAAAAAAAAAAAAAAAAAAAAAAAAAAAAAAAAAAAAAAAAAAAAAAAAAAAAAAAAAAAAAAAAAAAAAAAAAAAAAAAAAAAAAAAAAAAAAAAAAAAAAAAAAAAAAAAAAAAAAAAAAAAAAAAAAAAAAAAAAAAAAAAAAAAAAAAAAAAAAAAAAAAAAAAAAAAAAAAAAAAAAAAAAAAAAAAAAAAAAAAAAAAAAAAAAAAAAAAAAAAAAAAAAAAAAP/1vfwAAAAAAAAAAAAAAAAAAAAAAAAAAAAAAAAAAAAAAAAAAAAAAAAAAAAAAAAAAAAAAAAAAAAAAAAAAAAAAAAAAAAAAAAAAAAAAAAAAAAAAAAAAAAAAAAAAAAAAAAAAAAAAAAAAAAAAAAAAAAAAAAAAAAAAAAAAAAAAAAAAAAAAAAAAAAAAAAAAAAAAAAAAAAAAAAAAAAAAAAAAAAAAAAAAAAAAAAAAAAAAAAAAAAAAAAAAAAAAAAAAAAAAAAAAAAAAAAAAAAAAAAAAAAAAAAAAAAAAAAAAAAAAAAAAAAAAAAAAAAAAAAAAAAAAAAAAAAAAAAAAAAAAAAAAAAA//X9/AAAAAAAAAAAAAAAAAAAAAAAAAAAAAAAAAAAAAAAAAAAAAAAAAAAAAAAAAAAAAAAAAAAAAAAAAAAAAAAAAAAAAAAAAAAAAAAAAAAAAAAAAAAAAAAAAAAAAAAAAAAAAAAAAAAAAAAAAAAAAAAAAAAAAAAAAAAAAAAAAAAAAAAAAAAAAAAAAAAAAAAAAAAAAAAAAAAAAAAAAAAAAAAAAAAAAAAAAAAAAAAAAAAAAAAAAAAAAAAAAAAAAAAAAAAAAAAAAAAAAAAAAAAAAAAAAAAAAAAAAAAAAAAAAAAAAAAAAAAAAAAAAAAAAAAAAAAAAAAAAAAAAAAAAAAAAD/9D38AAAAAAAAAAAAAAAAAAAAAAAAAAAAAAAAAAAAAAAAAAAAAAAAAAAAAAAAAAAAAAAAAAAAAAAAAAAAAAAAAAAAAAAAAAAAAAAAAAAAAAAAAAAAAAAAAAAAAAAAAAAAAAAAAAAAAAAAAAAAAAAAAAAAAAAAAAAAAAAAAAAAAAAAAAAAAAAAAAAAAAAAAAAAAAAAAAAAAAAAAAAAAAAAAAAAAAAAAAAAAAAAAAAAAAAAAAAAAAAAAAAAAAAAAAAAAAAAAAAAAAAAAAAAAAAAAAAAAAAAAAAAAAAAAAAAAAAAAAAAAAAAAAAAAAAAAAAAAAAAAAAAAAAAAAAAAP/0ffwAAAAAAAAAAAAAAAAAAAAAAAAAAAAAAAAAAAAAAAAAAAAAAAAAAAAAAAAAAAAAAAAAAAAAAAAAAAAAAAAAAAAAAAAAAAAAAAAAAAAAAAAAAAAAAAAAAAAAAAAAAAAAAAAAAAAAAAAAAAAAAAAAAAAAAAAAAAAAAAAAAAAAAAAAAAAAAAAAAAAAAAAAAAAAAAAAAAAAAAAAAAAAAAAAAAAAAAAAAAAA4X5DEVlyRJebjsMoNbrzy0tttoL1qWtRklJEAj6XtLFozqm2zsJpJM0m7Eio9EZl6+05T8VSi6++RdDEuyVeHy/Nbxv/I7r7mg/jEOyTg+a3jf+R3X3NB/GIdknB81vG/8AI7r7mg/jEOyTg+a3jf8Akd19zQfxiHZJwfNbxv8AyO6+5oP4xDsk4Pmt43/kd19zQfxiHZJwfNbxv/I7r7mg/jEOyTg+a3jf+R3X3NB/GIdknB81vG/8juvuaD+MQ7JOD5reN/5Hdfc0H8Yh2ScHzW8b/wAjuvuaD+MQ7JOD5reN/wCR3X3NB/GIdknB81vG/wDI7r7mg/jEOyTg+a3jf+R3X3NB/GIdknB81vG/8juvuaD+MQ7JOD5reN/5Hdfc0H8Yh2ScHzW8b/yO6+5oP4xDsk4Pmt43/kd19zQfxiHZJwfNbxv/ACO6+5oP4xDsk4Pmt43/AJHdfc0H8Yh2ScHzW8b/AMjuvuaD+MQ7JOD5reN/5Hdfc0H8Yh2ScHzW8b/yO6+5oP4xDsk4Pmt43/kd19zQfxiHZJwfNbxv/I7r7mg/jEOyTg+a3jf+R3X3NB/GIdknB81vG/8AI7r7mg/jEOyTg+a3jf8Akd19zQfxiHZJwfNbxv8AyO6+5oP4xDsk4Pmt43/kd19zQfxiHZJwfNbxv/I7r7mg/jEOyTg+a3jf+R3X3NB/GIdknB81vG/8juvuaD+MQ7JOD5reN/5Hdfc0H8Yh2ScHzW8b/wAjuvuaD+MQ7JOD5reN/wCR3X3NB/GIdknB81vG/wDI7r7mg/jEOyTg+a3jf+R3X3NB/GIdknB81vG/8juvuaD+MQ7JOD5reN/5Hdfc0H8Yh2ScHzW8b/yO6+5oP4xDsk4Pmt43/kd19zQfxiHZJwfNbxv/ACO6+5oP4xDsk4Pmt43/AJHdfc0H8Yh2ScHzW8b/AMjuvuaD+MQ7JOD5reN/5Hdfc0H8Yh2ScHzW8b/yO6+5oP4xDsk4Pmt43/kd19zQfxiHZJwfNbxv/I7r7mg/jEOyTg+a3jf+R3X3NB/GIdknB81vG/8AI7r7mg/jEOyTg+a3jf8Akd19zQfxiHZJwfNbxv8AyO6+5oP4xDsk4Pmt43/kd19zQfxiHZJwfNbxv/I7r7mg/jEOyTg+a3jf+R3X3NB/GIdknB81vG/8juvuaD+MQ7JOD5reN/5Hdfc0H8Yh2ScHzW8b/wAjuvuaD+MQ7JOD5reN/wCR3X3NB/GIdknB81vG/wDI7r7mg/jEOyTg+a3jf+R3X3NB/GIdknB81vG/8juvuaD+MQ7JOD5reN/5Hdfc0H8Yh2ScHzW8b/yO6+5oP4xDsk4Pmt43/kd19zQfxiHZJwfNbxv/ACO6+5oP4xDsk4Pmt43/AJHdfc0H8Yh2ScHzW8b/AMjuvuaD+MQ7JOD5reN/5Hdfc0H8Yh2ScHzW8b/yO6+5oP4xDsk4Pmt43/kd19zQfxiHZJw7mp2HjFs8iOiU7CfcMktt2DRRycUZ9CSl5LjsclGZl0I1kZ9fLqE1mDhXAioAAAAAAAAAAD//0vfwAAAAAAAAAAAAAAAAAAAAAAAAAAAAAAAAAAAAAAAAAAAAAAAAAAAAAAAAAAAAAAAAAAAAAAAAAAAAAAAAAAAAAAAAAAAAAAAAAAAAAAAAAAAAAAAAAAAAAAAAAAAAAAAAAAAAAAAAAAAAAAAAAAAAAAAAAAAAAAAAAAAAAAAAAAAAAAAAAAAAAAAAAAAAAAAAAAAAAAAAAAAAAAAAAAAAAAAAAAAAAtz2bkj9hbO0rDik19YpKHUJMyTIm9pKdcc6dO4o5q7EkfqUSj9/y5KxxHPxSiEXiYAAAAAAAAAAAAAAAAAAAAAAAAAAAAAAAAAAAAAAAAAAAAAAAAAAAAAAAAAAAAAAAAAAAAAAAAAAAAAAAAAAAAAAAAAAAAAAAAALh9X5I/aQZFRNcU7IrEtrjOrM1OOQlmaCbWZ9TUcVwiIjP/FWkve8+O8ceakwlUQUAAAAAAAAAH//0/fwAAAAAAAAAAAAAAAAAAAAAAAAAAAAAAAAAAADaSiPyI/9IDcA0MyL1gBGR+oBqAAAAAAAAAAAAAAAAAAAAAAAAAAAAAAAAAAAAAAAAAAAAAAAAAAAAAAAAAAAAAAAAAAAAAAAAAAAAAAAAAAAAAAAAAAAAAAAAAAAAAAAAAAAAAAAAAAAAAAAAAAAAAAAAAAAAAAAAAAAAAAAAAAAAAAAAAAAAAAAAAAAAAAAAAAAAAAAAAAAC0DKDM8lyDr9WrMv2imvEX7hEOaPSEnRCop3LcvxXAcdssuzbIKzF8ZqUNqsLm2fNmK0t5XZGjNJQlyRMnS3PcssMocedV5JSfQzL4tw3HQbTo77hueamDQ4/pXvPERz6RHxm0z5RWImZ+EPQdK9KdT9c7/p+lejdBqdy6j1Uz7rT4K915isc3vaZmK48dI88mXJatKR9K0cxEwnr7lxx72fkkbEMUzt1rI57px6iuyihtMVK+kkRmmLRy7RtMSfLdSkzbaNbbrnqQlR+Q8zs/iF0fvutjbtv1cxrbzxSuXHbF7yfqpNvK0z8I5iZ+ETPkvJ157Kvj14a9PZOq+qNkrbp/BXuz5dHqcOt+TU+N9RTDPfjpX8K8VvSnra1Y81x/mXUjIyMvIyMuhkZesjI/MjIx7Nj36+ceh8PmRERGZmZklKUpLqpSlH0JKUpIzMz8iIPrmZiKxEzMzMREREczaZniK1rETNrTMRERMzMREzD+OZmeIiPOZmfKIiI85mZ8oiPOZ8oRw/tzXkeacFeQEtSXDaXOZgzH6ltaT7Vd1i20bRoSoj6qSSk/b6eYxa13trezFt3UFunc/U0Xy0yTS2qxaTU5dvraJ4nnWUxzSaxPlOSlb4/LmLTXzXWweCHilqdujcqbX20mvdGK+bFTUTHrHGG1uYmfhW0xb7OfJIbTrT7TT7DrT7D7aHmH2VpdZfZcT3NusuoNSHG3En1IyPoYye0mr0mv0mHcNvzYtRt2oxVy4c2K9cmLLivEWpkx5KzNb0vWYmtqzMTH5eLW5cWbT5r6bU0vj1OO80vS8TW9LVni1bVnia2ifKYmG8c7jQTtrkzo/R0+JT7HzT2DkM2K1Paxehqp+TZI1XvmZR7CfV1aFnWw5HaZtqkLbU4ku5CVJ8x4nqrxH6L6Kz10nUOs7NfesWjDipbNmis+l7Up9Cs/CbTEzHnETHmtJ4jeO/hT4T6vHtnW+6e63rLjjJGl0+LJqtTGO30cmTFiifdUt+DOS1ZtHnWsx5qz1ltrXG5MfcyfWeVwMoqoslMKyQyh+HbUk5aPStwb2mmtsWFXJdaLub9Ij0bqSM0LV0Pp2/TnVPT3V2gncunNVTU6Wtu2/HNb47ccxXJjtEWpMx5xzHE/CZ4nj0/QniL0R4nbNbfuhNxw7ht2O8UyxWLUzYMkxzGPPgvFcmK0x517q9to57bW4niQx372gAAAAAAAAAAAAAAAAAAAAAAAAAAAAAAAAAAAAAAAAAAAAAAAAAAAAAAAAAAAAAAAAAAAAAAAAAAAAAAAAAAACVNRmfyxTy946V8+n2ynV/T9zqIX9CVxA40QAAAAAAAAB//9T38AAAAAAAAAAAAAAAAAAAAAAAAAAAAANDPoZeRn198unQv1fMBp3F16dFEf8A6E+n/WLqn+MBxrkNIM0mtPcXrSSk9xeXXzLqR+oB87llCa/vkhCPtGZdfL1kZF16GQD4H7+ujEZvykNERd3VZdUkRF1MzUglESSL1n7xAOlez/GWSP0l1WNn/i98ppHd+p3OEA+X5o+L/Vyq6e+fsyMfQi9Zn2umfQv1AHMxsLGH1dGruteI/IlNyG1Eaj/xS6K7iP8AVLoA76LkNdL6m1JadLy82nGlEnr5l3F6Tu6n+oA+9NjEX6nCI+vTtV0Srp+e6GZdU/bAfQT6DIjIyUR++lTZ+v8AUWA3kvr7x+rr60n/AKFGYDeAAAAAAAAAAAAAAAAAAAAAAAAAAAAAAAAAAAAAAAAAAAAAAAAAAAAAAAAAAAAAAAAAAAAAAAAAAAAAAAAAAAAAAAAAAAAAAAAAAAAAAAAAAAAAAAAAAAAAAAAAAAAAAAAAAAAAAAAAAAAAAAAAAAAAAAAAAAAAAAAAAAAAAAAAAAAAAAC0DJ/8JMg/Xq0/lz45o9ISdEKjFb4nLt+SdIxyOQWGrXmD7pF3+w15u17ARDJ/p+RqktY2t5THd5kRuGnz7hYPxytq+3a6ef6m85pn6vfR28c/bGPnt/8Ai4+LZ59zbxbFOTrLPb3f9V0RoK15495G3z72b9vxik6qKxk48pmMcW/BYpX1SEN+khqdRObcZdrVxzWUlFo282usXENv8kKYmeTZsmn3Xpe3p59BYCZvHnj597ExNePXu5+bx8ee7jjjz54bRaVwXmcerik6K1bRli/HZOKazGWL8+Xu5x93fz5dvPPly9SuOquF43jLmREpOQuY1jzmQEsiJwr1dNBVcelIvU97Ym53l7y+ozz0c6mdFgnW/wDHJwY/ef8AWdle/n7e7nn7X5lOoK7TTqLcqdPzE7BXcdVGl49Pk0ajJGDt/wCb7rs7f+bwpnaS5yNfZOqvNwnfYbKZKmTUTqa1UplNkaDT7ov+Cmfd08+wz97qMdvbAy9QYPZm6tydNTljWfIsUZ5x898aG2oxRrprNfnRHuJtF5j/AJOb8/N5e28Gqbdk8UNorunZ7j395p3fRnPGO84Inny/rnHbz+FFfjwsiT0IiJPQkkREnt9XTp5dOnl06D8+dIrFYinEUiI449OPhxx8OPThsYnnnz9V4GkVTDwCOUn0hxkW9qiqNzr+V5ON9UtdfP2MiWbpI6e5IuvTyG8j7n7l37J7Nulru/fO1Y963Cm393P/ABOL4+Yx8/8AI11M6iMXHzY+dFfKGBftD02+viblnRdvyq2h086jj+/TFuJt/wA+cXu5t8fTlMUQmjlRif6egOQyT3X1ei9In0nXp59OzqM2cXZ72vvP633Rz+LnzWV0/u/lFPe/1rvrz+LmOf8AI8uO63cmf3VuB7NDkHlytk5ai99l93shK2bV9qsa6K80xmqRMYo6S9wTHZ2+56DWh1jfcsnWO7X3ju/VX9Uc/ve715i8xSPxRj7O34dvHHk0C+KeXfs3il1Ll6p7/wCqSd81kajv57omua0Yo8/wYwRijHEfNjH29vlwuw8Nh3IUcjbNmpN/5X5GssmVm6W+72IcWO9BVijk4i/I/TIyFXbGNXuvdOEny7hdH2d76+PEHJTS93yG225vlHH0eImvuJt8Ofe/Q58/O3HxZEew3k3qvjbnx7d3/qNfYdV8u457O2tqfJJv8O6NRPGKZ8/O8V8u5nWGbTbYAAAAAAAAAAAAAAAAAAAAAAAAAAAAAAAAAAAAAAAAAAAAAAAAAAAAAAAAAAAAAAAAAAAAAAAAAAAAAAAAAAAAlTUf+Ec79ZJH8urhC/oSuIHGiAAAAAAAAAP/1ffwAAAAAAAAAAAAAAAAAAAAAAAAAANq1kgup9CL3zNRJIi+EzPp0IgHVyLeJGQp1x1Ho0EfVba0rT5F16G4rsaT0Iv8ZRAIzyLceI0qS7rdhxw1Gg48VSZUkleojUholJT5+8lSi+38IUR81jKMhSpOI4Rf2/c4ttuc8TkatV2dOpGo0MkSkEsjUXX1GA5EVW+L5CUuT8fxCMoj7W09781hPX6Xr6CQb6+vn/fPLr06+8A+hvSmXz+q77bV8s1+6UVPAjwD7lH3K6reckGfmf50v1C94PqY46YqZkq2vspuFkolEt+yKMZGR+XlEaaT5dPgAdrC4+ayhvLecqZlmp0/yUrW2nSkmXQ/JKCcQReZ/aAdsekNXF5oxCvJRGXQzfsCIvP/ANlldT8ve9QDqZvHzW0x03kwbSAZl09FX3MyOyX20oNSyI/t+sB1cnjri3RJ1WQZbUrSSuq0WypZ93l2KSUhBkgkF18i8jAfEvS2V1pdaDa18ytsiWSbiHGlxVmfX3Jm2404SSJJdfI+n2wHAmm3rSLU6zLxnK2EeSWSdOE+4kvWZmTTCyM1f/TDAbz2vmOPJNjLde2VUlXkuzrELmwycLyWanUJfUZKUXkZmfUBV9BufDrtaGWbZpD5l1cjSVExKb6esjadJKT6/aV5fAAlCPbRZSUmwtKu5CXOqlGhBIV6lE6afRqL9QzAdilZK6Gk0qL31JUSiI/g+31AbvP3y/b6/wDzAGoAAAAAAAAAAAAAAAAAAAAAAAAAAAAAAAAAAAAAAAAAAAAAAAAAAAAAAAAAAAAAAAAAAAAAAAAAAAAAAAAAAAAAAAAAAAAAAAAAAAAAAAAAAAAAAAAAAAAAAAAAAAAAAAAAAAAAAAAAAAAAAAAAAAAAAAAAAAAAAAAAAAAAAAAAAtAyf/CTIP16tP5c+OaPSEnRCopPOcDw7ZmMz8Nz3H4WS41ZKZdfrpvpEKZlxjNUSyrpjC2pdZaQlqM2pDK0OI6mXmkzI+v3Tadt3vQ323dsNc+ivxM1t8Jj0tW0cTW0fC1ZifycxPqui+t+rfDnqTB1d0Pr823dRaeLRXLj4mLUvx34suO0TjzYckREXxZK2rPET5WiJiBdd8MOPus8niZhSYzc3V7WSUzaR3M8ikZLBo5qDM2Z1fWOxosM58Uz6svPpfU0r3Seiuhl5LZvDTo/Y9dXcdLgyZdVS3dSc2SclaW+Fq14iO6PhNu6Y9Y8/NfHr/2wPHnxH6by9J7zuWk0eyanHOPURoNLXSZNRjnytjy5ovfJGO8eWSmKccXj5tua8xN05majNSjNSlGalKUZmajM+pmZn5mZmPe+vnPqxkiIrEVrERWIaGSVEpKkpWhaVIWhaSWhaFpNK0LQojStC0mZGRkZGRiN6Y8lLYstaXw3patq2rFqXpaJral62ia2paszW1bRMWrMxMcSrE2raL0ma3rMTExMxMTE8xMTHnExMRMTHnExzCLntM6+emnM9q5rLalm4qtj2klmrMzPqaExiI3G2DP/ABEuEki8i6EMQtd7CPsza7f532do1+DT2vN7aHDr8+PQTMzzNYwRE5KYpn/kseetIj5tYiPKLx4PHzxQwbdGgjWae94r2xnvp6W1ERxxzN+Yra3/ADrY5mZ855lJkePHiR2IkRhmLEisojxo0dtLTEdhou1tlltPRKEIL3v/ABGWW27btuzbbp9m2bT4NJs+kwUw4MGGkY8OHFjjimPHSvlWlY9Ij1nmZmZmZm0Wp1Op1upya3W5L5tbmvN8mS8za972nm1rWnzmZn/wjiIiI5R9rgW6bj4o6P3ras5FnWN2EfKm4zEJ3KcSunsbu7KFFLtixbp1liVDt0xG/cNOPMqebR7kl9pERW+6u8L+i+ttVG4b3p8ld0isVnNgyThyXrX6NckxFq5O2PKs2rNojy7uPKLKeJvs8+FHi3uFd76t0OanUNaVpOr0me2mz5cdPKlM8xW9M0Ujypa9JvWvzYvxxEVzqbSus9HUMrHdZ403SRrJ9mXd2UqU9a5DkEuOhSI713dy+smYmIhaiZZSTbDJKPtQRmZn3fS3R3TnRehtoOnNPGHHktFsl7Wm+XLaPKJyZLfOtFfwaxxWvM8V5nl6zw68LehPCjaMmy9C6GNJgz3i+fLe9sup1F6xxW2fPf594pEzFKR246cz20iZmZlIeme/AAAAAAAAAAAAAAAAAAAAAAAAAAAAAAAAAAAAAAAAAAAAAAAAAAAAAAAAAAAAAAAAAAAAAAAAAAAAAAAAAAAASpqP/COd+skj+XVwhf0JXEDjRAAAAAAAAAH/1vfwAAAAAAAAAAAAAAAAAAAAAAAD5lyO1J+4NKuh9pK98+nl5F1Pp1AUjkOc0WOR3JFpYRYTJq7GfSvJQ+6pJe7JDZ+ZmSvIgENPbQyrLnDh6+xJ+0b6n1trZCo0COtHVKXkpeNKHCI1dSPz/UAfTF05lmTK9PsPN5iydMlu1GN9YsMkGZ9zC5DiPRN9CIi6tNko+vmZkAk/HtV6/wAaJCqrGq45TRF/5QmslYTlL/PnJl+kUSj9/t7SMBX7bSW0kRe8kk+59wntL6UiQjogiIj94gG30BEfuFGkjMzcI/dd5GXToRmfVHl+d6AOYiIiIi9RERF7/kX2z8zAagAAAAADjNtJr7zJJn06F1SXUvt9f2wA2yMjI+hmf+MoiUf2upeo+hANnoCMyNS1GREZdhdEtmR+8pvoaFftkAobItX4NlDbhW2PQDeX5+y4SDrpienwSYZtOF198wEWSdN5LjZnI19nVqylpxTrFTkS3Z0MmyIyREbme5SbR9f/AF6lXmRftB8jezM0w55EXYuMzYjKPyJFvUMvTax9S/cNOPOtGaGTWoj6dSIiATLjed0GRtEuvsoz6uxK1temQpxHcokl1SnzNXcfQ0l5l6wFaoX39fIunl0Pr5q6l5+5P3Sen2/WA5AAAAAAAAAAAAAAAAAAAAAAAAAAAAAAAAAAAAAAAAAAAAAAAAAAAAAAAAAAAAAAAAAAAAAAAAAAAAAAAAAAAAAAAAAAAAAAAAAAAAAAAAAAAAAAAAAAAAAAAAAAAAAAAAAAAAAAAAAAAAAAAAAAAAAAAAAAAAAAAAAAAAAAAAAFp91VWllkeSKrq2bPSzeWSHlRI630tLXMfUhLhoI+1Skl1L7Q5YmIiOUnwfKvk31vXP3A9/uh3QHyr5N9b1z9wPf7od0B8q+TfW9c/cD3+6HdAfKvk31vXP3A9/uh3QHyr5N9b1z9wPf7od0B8q+TfW9c/cD3+6HdAfKvk31vXP3A9/uh3QHyr5N9b1z9wPf7od0B8q+TfW9c/cD3+6HdAfKvk31vXP3A9/uh3QHyr5N9b1z9wPf7od0B8q+TfW9c/cD3+6HdAfKvk31vXP3A9/uh3QHyr5N9b1z9wPf7od0B8q+TfW9c/cD3+6HdAfKvk31vXP3A9/uh3QHyr5N9b1z9wPf7od0B8q+TfW9c/cD3+6HdAfKvk31vXP3A9/uh3QHyr5N9b1z9wPf7od0B8q+TfW9c/cD3+6HdAfKvk31vXP3A9/uh3QHyr5N9b1z9wPf7od0B8q+TfW9c/cD3+6HdAfKvk31vXP3A9/uh3QHyr5N9b1z9wPf7od0B8q+TfW9c/cD3+6HdAfKvk31vXP3A9/uh3QHyr5N9b1z9wPf7od0B8q+TfW9c/cD3+6HdAfKvk31vXP3A9/uh3QHyr5N9b1z9wPf7od0B8q+TfW9c/cD3+6HdAfKvk31vXP3A9/uh3QHyr5N9b1z9wPf7od0B8q+TfW9c/cD3+6HdAfKvk31vXP3A9/uh3QHyr5N9b1z9wPf7od0B8q+TfW9c/cD3+6HdAfKvk31vXP3A9/uh3QHyr5N9b1z9wPf7od0B8q+TfW9c/cD3+6HdAfKvk31vXP3A9/uh3QHyr5N9b1z9wPf7od0B8q+TfW9c/cD3+6HdAfKvk31vXP3A9/uh3QHyr5N9b1z9wPf7od0B8q+TfW9c/cD3+6HdAfKvk31vXP3A9/uh3QHyr5N9b1z9wPf7od0B8q+TfW9c/cD3+6HdAfKvk31vXP3A9/uh3QHyr5N9b1z9wPf7od0B8q+TfW9c/cD3+6HdAfKvk31vXP3A9/uh3QHyr5N9b1z9wPf7od0B8q+TfW9c/cD3+6HdAfKvk31vXP3A9/uh3QHyr5N9b1z9wPf7od0B8q+TfW9c/cD3+6HdAfKvk31vXP3A9/uh3QHyr5N9b1z9wPf7od0B8q+TfW9c/cD3+6HdAfKvk31vXP3A9/uh3QHyr5N9b1z9wPf7od0B8q+TfW9c/cD3+6HdAfKvk31vXP3A9/uh3QHyr5N9b1z9wPf7od0B8q+TfW9c/cD3+6HdAfKvk31vXP3A9/uh3QHyr5N9b1z9wPf7od0B8q+TfW9c/cD3+6HdAfKvk31vXP3A9/uh3QHyr5N9b1z9wPf7od0CvtWxJcHKbCNOjPw5KKN1ao8ltTTyUOTa821GhXmSVkXUvhFLzEx5KT6LgRxqAAAAAAAAAD//1/fwAAAAAAAAAAAAAAAAAAAAA2mok+ajIv1QFKZBltdj8d6VNfZjMRy7lPSFpRHc8vpEude4ll+p6wEEPZ3muxZD8PXdQ4URJkleUWnpYtXHJXUlNNGREUhRJLr3o6rLp5F16dQqfF9HU0SSza5vOmZreKSazXYvd9FGWtXd7HhV61GpxbSkmZOLLqZEXl6wE7MRY8VtLMZlphhCUpQyy2htpCUl0IkoQlJF0IBymkj6+suvkZkfmA1IiIuhf+p/bAagAAAAAAAAAAAAAB6wHCphtZkoyV3EfVJko/cn06eRfS+o/gAaOxo7zTjLzTbrLpGl1pxJONuJP1pW2vuSZH+oAhHKtIUMxw7PEpsrC70l+lZkV5qOrNwkL/8AWiD19GypxfaZuIMj8unQ+vkFGN5xnet3URthUj1pWJ6Nll1b3HCeNPRKH5i09zrRoJXkSkkSiM/gATzjmU12QwUTaqW3PYcZQsls9vX0ii6q6JNXd2pSZe96wFWIWSiL193QupGXQ/MuvmRdSIBvAAAAAAAAAAAAAAAAAAAAAAAAAAAAAAAAAAAAAAAAAAAAAAAAAAAAAAAAAAAAAAAAAAAAAAAAAAAAAAAAAAAAAAAAAAAAAAAAAAAAAAAAAAAAAAAAAAAAAAAAAAAAAAAAAAAAAAAAAAAAAAAAAAAAAAAAAAAAAAAAAAAAAAEZ4F+XWwf2UP8A/bkiVvSPxEpMEQAAAAAAAAAAAAAAAAAAAAAAAAAAAAAAAAAAAAAAAAAAAAAAAAAAAAAAAAAAAAAAAAAAAAAAAAAAAAAAAAAAAAAAAAAAAAAAAAARnA/NVvf2LxP5RBEvwfynwSYIgAAAAAAAAA//0PfwAAAAAAAAAAAAAAAAAAAD5X5TcZRelUSSWkzT9o0+ajV/7L098BA+X7YRCmlS4/GcyK/l97EWtrE+lUUgvcpfU8nuSzGSfQlKUXrIwHwY7qS3yKW1kG1pqrKYg/TRsXivn7TRUOfkiWpZINCJEhkldij69FGRn6vIBcLGr4UNhmLEisxY0dPYzHjoJlhtPwJab7Wy/c9YD6fRo6kfaXUj6kZ+fQ/V1Lr16H0P1+sBvAAAAAAAAAAAAAAAAAAAAAADp1AfDMixpaDiSmUvxnmlofZebQ7GeaPok2XEu9yC7uvl5dQFv2Qadm0835YNW2J0Vr6RZyaGdKefo5aFe6JltHX/AIN59e0updDPr6uhAPuxDa6FS0Y7lFfLx7JIrptyK+Y76VyUlKvROPRVLShtxh1f5Ijoo+iTIveATpFkofQpKXFKUjy7ldpK+0Z9vueoD7QAAAAAAAAAAAAAAAAAAAAAAAAAAAAAAAAAAAAAAAAAAAAAAAAAAAAAAAAAAAAAAAAAAAAAAAAAAAAAAAAAAAAAAAAAAAAAAAAAAAAAAAAAAAAAAAAAAAAAAAAAAAAAAAAAAAAAAAAAAAAAAAAAAAAAAAAAAAAAAAAAAAAEZ4F+XWwf2UP/APbkiVvSPxEpMEQAAAAAAAAAAAAAAAAAAAAAAAAAAAAAAAAAAAAAAAAAAAAAAAAAAAAAAAAAAAAAAAAAAAAAAAAAAAAAAAAAAAAAAAAAAAAAAAAARnA/NVvf2LxP5RBEvwfynwSYIgAAAAAAAAA//9H38AAAAAAAAAAAAAAAAAADpLS2jVzLj78hMVDTaluvOF1QhpP0x+Z9O/r6vIBbba5ZlWy7KRjmvvTM1rK24t1kkjuKNEjyDUZnEdSfe5JWlJ9U9fc/tgJmwfXmOYLEU3Vxycnv9vtjeTVemtJsguhL92vqqMytRf3tBkjp59DMzMwkUiLt6dpER+Zp6F08/X1L1ANwAAAAAAAAAAAAAAAAAAAAAAAAAA2qSlXTuSlXQ+pdxEfQy9Rl19RkA1NKT69UkfXoZ9SI+vT1df1AFAZ1gFBncT2LZx0tTo6DVXXbBk1PrX/W2TTiOxx1pSvNSDM0n8ACEYOR5VqmxjY7mz6rGkffU1U5WTZoiy4heTzFn2+cWY2giM+hl2n6ugC5CnuI1swl+JJQtpRp7OhdSUkyIyJKv8b3IDvgAAAAAAAAAAAAAAAAAAAAAAAAAAAAAAAAAAAAAAAAAAAAAAAAAAAAAAAAAAAAAAAAAAAAAAAAAAAAAAAAAAAAAAAAAAAAAAAAAAAAAAAAAAAAAAAAAAAAAAAAAAAAAAAAAAAAAAAAAAAAAAAAAAAAAAAAAAAAAAAAAAARngX5dbB/ZQ//ANuSJW9I/ESkwRAAAAAAAAAAAAAAAAAAAAAAAAAAAAAAAAAAAAAAAAAAAAAAAAAAAAAAAAAAAAAAAAAAAAAAAAAAAAAAAAAAAAAAAAAAAAAAAAABGcD81W9/YvE/lEES/B/KfBJgiAAAAAAAAAD/0vfwAAAAAAAAAAAAAAAAYCmbnIYdVGkPzJCIzMdCluOGtKVIJBdxp8z8jWRdOnvgLbWiyTedmtuCt2k13El/8Ksm+pSLgmlEa4TCDIicNwvW4nqSevT7QC5zH6Osx2saq6iBHroDBqNmPHT2d/eSTU+/7lJqlPKLqsz6mZgO7I+pdenT7QDUAAAAAAAAAAAAAAAAAAAAAAAAAAAAAAAHSXNNAvoEuqtoaJ0Ccg2ZEd0vyJLZ935K35f33zI/Lz6gLZJkbINI2LBl7MuNcS5hqcslOKXOxxw/70ypJF0bjvKMkefQjLyAXI0eSVt5FgzIUgnmJzJOtKUpH03rNJeZmai6+ZesgFSGpJGSTMiUrr0IzLqfT19C9Z9AGoAAAAAAAAAAAAAAAAAAAAAAAAAAAAAAAAAAAAAAAAAAAAAAAAAAAAAAAAAAAAAAAAAAAAAAAAAAAAAAAAAAAAAAAAAAAAAAAAAAAAAAAAAAAAAAAAAAAAAAAAAAAAAAAAAAAAAAAAAAAAAAAAAAAAAAAAAAAAAAAACM8C/LrYP7KH/+3JErekfiJSYIgAAAAAAAAAAAAAAAAAAAAAAAAAAAAAAAAAAAAAAAAAAAAAAAAAAAAAAAAAAAAAAAAAAAAAAAAAAAAAAAAAAAAAAAAAAAAAAAAAjOB+are/sXifyiCJfg/lPgkwRAAAAAAAAAB//T9/AAAAAAAAAAAAAAA0MyIupn0L/b5AKfvbqNVRX3n3m2mmmzcdWpZINLJEfctKjMiMyPoXQup+f6vQLZ40W73nfPNr9NV68qJRFLWROtyLiSwf5EzDkF0J1Bmnq4fmntPp6/IBdTWV0WqiMwYEdmJCjtNtxorLSGktJQgiPu7PJa1GXUz9ZmA7AAAAAAAAAAAAAAAAAAAAAAAAAAAAAAAAAAAAHwTa+NYxnoc+MxMiyEG3IYkIStl5Ky6KPsV3ElSS9/p1AWqWNVa6RvWpMMl2Ov7eW6s0OOLckU0p5fUmm1n1NpjofrPojp7/vALlKG8gXDDUqI4TjDjKFsrNXcfmn3aUn6z7S9fQBUaXErMySfXp9pRf6SIgG8AAAAAAAAAAAAAAAAAAAAAAAAAAAAAAAAAAAAAAAAAAAAAAAAAAAAAAAAAAAAAAAAAAAAAAAAAAAAAAAAAAAAAAAAAAAAAAAAAAAAAAAAAAAAAAAAAAAAAAAAAAAAAAAAAAAAAAAAAAAAAAAAAAAAAAAAAAAAAAAEZ4F+XWwf2UP/APbkiVvSPxEpMEQAAAAAAAAAAAAAAAAAAAAAAAAAAAAAAAAAAAAAAAAAAAAAAAAAAAAAAAAAAAAAAAAAAAAAAAAAAAAAAAAAAAAAAAAAAAAAAAAARnA/NVvf2LxP5RBEvwfynwSYIgAAAAAAAAA//9T38AAAAAAAAAAAAANDPoRn0M+hGfQi6mfT3iL3zMB1tjZxoLDi3VF1JtSuwz6GZJLqovhJRER9PhMBa9ZPWu4ssTi9MpyNilEtteQ3aSL0TzJ/TVTCyNXpZzxr8y8u0kKPr7xhc9S00Ggr4tVVsJiV8JkmI8ZHQ0oSlR/khq6EaluetXXr5gO2AfO5JaZX2Oq7DNC3E9fUpDae51SenUzJojLu8vLqA3k8hXmXcZerqltakn08j6KSk0n0P7YDd3p+Bf725/ugHen4F/vbn+6Ad6fgX+9uf7oB3p+Bf725/ugHen4F/vbn+6Ad6fgX+9uf7oB3p+Bf725/ugHen4F/vbn+6Ad6fgX+9uf7oB3p+Bf725/ugHen4F/vbn+6Ad6fgX+9uf7oB3p+Bf725/ugHen4F/vbn+6Ad6fgX+9uf7oB3p+Bf725/ugHen4F/vbn+6Ad6fgX+9uf7oB3p+Bf725/ugHen4F/vbn+6Ad6fgX+9uf7oB3p+Bf725/ugHen4F/vbn+6Ad6fgX+9uf7oB3p+Bf725/ugHpC+Bf725/uGA6qzroVvXyayziNz4ExpTMmK+y4aVNr8lJIyQZ9U9epH5H1Ly6e8Fr8UrbTmTe0E12Q/hlpINzH7iUl5aYT0g/OtccJs0o6Gskn3K6+ZfCAukq7BifGZcZUSzNtJrMjLuSr1KQ4jr3trSpJkZGXr9XUB2ZH1My6GXT4ff6/AA1AAAAAAAAAAAAAAAAAAAAAAAAAAAAAAAAAAAAAAAAAAAAAAAAAAAAAAAAAAAAAAAAAAAAAAAAAAAAAAAAAAAAAAAAAAAAAAAAAAAAAAAAAAAAAAAAAAAAAAAAAAAAAAAAAAAAAAAAAAAAAAAAAAAAAAAAAAAAAAEZ4F+XWwf2UP/wDbkiVvSPxEpMEQAAAAAAAAAAAAAAAAAAAAAAAAAAAAAAAAAAAAAAAAAAAAAAAAAAAAAAAAAAAAAAAAAAAAAAAAAAAAAAAAAAAAAAAAAAAAAAAAARnA/NVvf2LxP5RBEvwfynwSYIgAAAAAAAAA/9X38AAAAAAAAAAAAAPnff8AQNG6pBn0Iz7CMuvkXXp5+XmQC2vY+VWt9awcDxVfprW4ceS/Jj9qXYkFLqCelLNXU2W22u5XU+ncSTIvMy6BNGD4dU4PSx6SpbSaEdVzZiv/AFpnzz85Ep8zMzV6RZ+5Lz7SL90K0AafB9v/AGdf/ABjs8Uzlxb8HeCfJzlBilHU5HmmpdbO2uG0F76U6S3y66uq3F8Z9uG4/bIk1lXbWiZb8dKm1Sm2Da70krqQfmT5R4r/AIo+ZZFcZTd+IXymiWt7ZSradEw3YDGHYpElzHDcei43i1XTJr6CkjGfo4sVou1ppKS9fUB0390/8TX9MT5k/hhf/E4B/dP/ABNf0xPmT+GF/wDE4B/dP/E1/TE+ZP4YX/xOAf3T/wATX9MT5k/hhf8AxOAf3T/xNf0xPmT+GF/8TgH90/8AE1/TE+ZP4YX/AMTgH90/8TX9MT5k/hhf/E4B/dP/ABNf0xPmT+GF/wDE4B/dP/E1/TE+ZP4YX/xOAf3T/wATX9MT5k/hhf8AxOAf3T/xNf0xPmT+GF/8TgH90/8AE1/TE+ZP4YX/AMTgH90/8TX9MT5k/hhf/E4B/dP/ABNf0xPmT+GF/wDE4B/dP/E1/TE+ZP4YX/xOAf3T/wATX9MT5k/hhf8AxOAf3T/xNf0xPmT+GF/8TgH90/8AE1/TE+ZP4YX/AMTgH90/8TX9MT5k/hhf/E4B/dP/ABNf0xPmT+GF/wDE4B/dP/E1/TE+ZP4YX/xOAf3T/wATX9MT5k/hhf8AxOAf3T/xNf0xPmT+GF/8TgH90/8AE1/TE+ZP4YX/AMTgH90/8TX9MT5k/hhf/E4B/dP/ABNf0xPmT+GF/wDE4DVPigeJp3F3eInzL7ff7NxPEr1eXTupjT9N06/aASDqHxefEa1Vs/BNi3nLnfO7aXEcii29zqTb+wFZVr3Pa11Xse8x62r5VYycNVhWuuHGloV3wpKUOpI+0yMP0kuB/MrWfKfTOvtp6yvEWGLZrStz6mM+76W8pJqXG2bjDsnb6mti+w+ay5Gd9KknHU9rhe5cSAyVR3kvtpdQpK0LIjSaSMuvw9SPzIyP3veAc4AAAAAAAAAAAAAAAAAAAAAAAAAAAAAAAAAAAAAAAAAAAAAAAAAAAAAAAAAAAAAAAAAAAAAAAAAAAAAAAAAAAAAAAAAAAAAAAAAAAAAAAAAAAAAAAAAAAAAAAAAAAAAAAAAAAAAAAAAAAAAAAAAAAAAAAAAAAAAAjPAvy62D+yh//tyRK3pH4iUmCIAAAAAAAAAAAAAAAAAAAAAAAAAAAAAAAAAAAAAAAAAAAAAAAAAAAAAAAAAAAAAAAAAAAAAAAAAAAAAAAAAAAAAAAAAAAAAAAAAIzgfmq3v7F4n8ogiX4P5T4JMEQAAAAAAAAAf/1vfwAAAAAAAAAAADQz6f+BfCAiLZebM4vSzJzq3SU0n0EZCS90uW4lRESkJ8zShfTzIB1Gm8Im1kSXmORqbeynKvRPvKNH/rBTpQZxIEVZKJaScNROOKP3Rn5AJzJBEZH+dIyT6/Lr6+vw9egDcA2q9aS+31/cAYffGW47bf5e8GORHGHQtTXZBt/b2PUFXhdXeWsPHqIpNFltTfTZFhkE/vhwfQQIrjiErIu9RdOpesB4k1/IwfjKkoyRqrjeaS7SSaeREJJGRJIuvRWMGolGZdT+39oBt+hhPGX/Qp44/5xUD+rAB9DCeMv+hTxx/zioH9WAD6GE8Zf9Cnjj/nFQP6sAH0MJ4y/wChTxx/zioH9WAD6GE8Zf8AQp44/wCcVA/qwAfQwnjL/oU8cf8AOKgf1YAPoYTxl/0KeOP+cVA/qwAfQwnjL/oU8cf84qB/VgA+hhPGX/Qp44/5xUD+rAB9DCeMv+hTxx/zioH9WAD6GE8Zf9Cnjj/nFQP6sAH0MJ4y/wChTxx/zioH9WAD6GE8Zf8AQp44/wCcVA/qwAfQwnjL/oU8cf8AOKgf1YAPoYTxl/0KeOP+cVA/qwAfQwnjL/oU8cf84qB/VgA+hhPGX/Qp44/5xUD+rAB9DCeMv+hTxx/zioH9WAD6GE8Zf9Cnjj/nFQP6sAH0MJ4y/wChTxx/zioH9WAD6GE8Zf8AQp44/wCcVA/qwAfQwnjL/oU8cf8AOKgf1YAPoYTxl/0KeOP+cVA/qwAfQwnjL/oU8cf84qB/VgA+hhPGX/Qp44/5xUD+rAB9DCeMv+hTxx/zioH9WAD6GE8Zf9Cnjj/nFQP6sAH0MJ4y/kZaq449yT7kH88TAPscL6Rwi+Vjoamz8y+A+h/qhmk8Gvw0vGD8OvauTUm4tY6pl8YdjJdvclYwne9Vk2S6+2HUQDVW55SU82nhe2kS7aj+19pDbUk1sOJfT+SMIJQeuvVubM5NTRXDNSZaUqKe12qT6OahKfTJIl+vvV5+R9CSZeo+oCYEL70kroaevvKLoYDeAAAAAAAAAAAAAAAAAAAAAAAAAAAAAAAAAAAAAAAAAAAAAAAAAAAAAAAAAAAAAAAAAAAAAAAAAAAAAAAAAAAAAAAAAAAAAAAAAAAAAAAAAAAAAAAAAAAAAAAAAAAAAAAAAAAAAAAAAAAAAAAAAAAAAAAAAAAAAjPAvy62D+yh/wD7ckSt6R+IlJgiAAAAAAAAAAAAAAAAAAAAAAAAAAAAAAAAAAAAAAAAAAAAAAAAAAAAAAAAAAAAAAAAAAAAAAAAAAAAAAAAAAAAAAAAAAAAAAAAACM4H5qt7+xeJ/KIIl+D+U+CTBEAAAAAAAAAH//X9/AAAAAAAAAAAAOrtJiIMZ6Q64lKW0kpBH5efwGfXr5mAteqY8naWyVE+pSsTw19qTYoc82pts44S2K9Sj6pfSlSfd+rqkBdilpCEtpQRJS0RE2lJERISlPYSEkXqSSfeAcgAA2n9Mn9v/QAgnIuh7UwdKkIUXs+0QZKQRkpL1RLSruLyJZkSS7e7qSfeATq39InyIvIiIiLoREXkREXvEA3gAAAAAAAAAAAAAAAAAAAAAAAAAAAAAAAAAAAAOB0jM2y6n0Pv6l7yj7FdCUXvl1971GAtTva5zWOx4kuGZw8azJw/Y6G+42K+36kp9HTqTTENSnvcN9peZn7o/IiC5qnsEz4zLyDP0brZqb7ldyjJCuwz7vfJSkmZfaMB3IAAAAAAAAAAAAAAAAAAAAAAAAAAAAAAAAAAAAAAAAAAAAAAAAAAAAAAAAAAAAAAAAAAAAAAAAAAAAAAAAAAAAAAAAAAAAAAAAAAAAAAAAAAAAAAAAAAAAAAAAAAAAAAAAAAAAAAAAAAAAAAAAAAAAAAAAAAAACM8C/LrYP7KH/APtyRK3pH4iUmCIAAAAAAAAAAAAAAAAAAAAAADzPeMlyt5K6N5R4BiGnd3Z1rbF7PRNRkU+ixmRTtQJd67nuZ1r1q6mfTz3zluwITLSjJZJ7Gk9CI+pnsh9kDwt8OOt/DLX7t1fsuh3Hc8e+ZMVcuaMk2rijS6e8UjtyVjti1rWjy55tPPw414e1p4q+IfQ3iNoto6T3XU6HbcuzYs1qY+3ick6jVUm3nWfO1a0if+hXjjz5pnwo+afJ3P8Aeu04+2c/3NyDx/HtKe3NZrqsbxS1ulXUzY+HUhX9ZCl/KjDUVTXTnifW5OR2MOq7UOKMiLsvam8GvDXYeiNrydK6DZ9g12o3n3d9Xec9McY66TUZPdXtX39v2S9a9sRjnm1Y5tWOefi9mLxm8Reo+rdyxdUavc970em2qclNNjjFfLOS2p0+P3la3tirxjra3PN44i0+Vp4iM8nzyt/9ixyj/gprX+1cYM/e50H7qOmPz+s/QWan3wtd+5rqT8zpP00+eVv/ALFjlH/BPWv9q4fe50H7p+mfz+s/QT74Wu/c11J+Z0n6afPK3/2LHKP+Cmtf7Vw+9zoP3UdMfn9Z+gn3wtd+5rqT8zpP00+eVv8A7FjlH/BTWv8AauH3udB+6jpj8/rP0E++Frv3NdSfmdJ+mnzyt/8AYsco/wCCmtf7Vw+9zoP3UdMfn9Z+gn3wtd+5rqT8zpP00+eVv/sWOUf8FNa/2rh97nQfun6Z/P6z9BPvha79zXUn5nSfpp88rf8A2LHKP+Cmtf7Vw+9xoP3UdMfn9Z+gn3wtd+5rqT8zpP00+eVv/sWOUf8ABTWv9q4fe50H7qOmPz+s/QT74Wu/c11J+Z0n6afPK3/2LHKP+Cmtf7Vw+9xoP3UdMfn9Z+gn3wtd+5rqT8zpP00+eVv/ALFjlH/BTWv9q4fe50H7qOmPz+s/QT74Wu/c11J+Z0n6afPK3/2LHKP+Cmtf7Vw+9xoP3UdMfn9Z+gn3wtd+5rqT8zpP00+eVv8A7FjlH/BTWv8AauH3udB+6jpj8/rP0E++Frv3NdSfmdJ+mnzyt/8AYsco/wCCetf7Vw+9zoP3UdMfn9Z+gn3wtd+5rqT8zpP00+eVv/sWOUf8FNa/2rh97nQfuo6Y/P6z9BPvha79zXUn5nSfpp88rf8A2LHKP+Cmtf7Vw+9xoP3UdMfn9Z+gn3wtd+5rqT8zpP00+eVv/sWOUf8ABTWv9q4fe50H7qOmPz+s/QT74Wu/c11J+Z0n6afPK3/2LHKP+Cmtf7Vw+9zoP3T9M/n9Z+gn3wtd+5rqT8zpP00+eVv/ALFjlH/BTWv9q4fe40H7qOmPz+s/QT74Wu/c11J+Z0n6afPK3/2LHKP+Cmtf7Vw+9xoP3UdMfn9Z+gn3wtd+5rqT8zpP00+eVv8A7FjlH/BTWv8AauH3udB+6jpj8/rP0E++Frv3NdSfmdJ+mnzyt/8AYsco/wCCmtf7Vw+9zoP3UdMfn9Z+gn3wtd+5rqT8zpP00+eVv/sWOUf8FNa/2rh97nQfun6Y/P6z9BPvha79zXUn5nSfpp88rf8A2LHKP+Cetf7Vw+9zoP3UdMfn9Z+gn3wtd+5rqT8zpP00+eVv/sWOUf8ABPWv9q4fe50H7p+mfz+s/QT74Wu/c11J+Z0n6afPK3/2LHKP+Cmtf7Vw+9zoP3T9M/n9Z+gn3wtd+5rqT8zpP01bztTxS+P2j8hiYhtrDtzYPlktqPKVjVhjWHWdxXwJZJOJY3UXHc/ufaOFKSZqbVLNlS0EaySaOhncvpD2U/Err7bL710bn2ncNnpaa+/pmz0x3vX6VMVs2mxe9tX0tGPuiJniZ58otl1h7Vfhj4f7nTZetabjt283rFvcZMeC2Stbcdtr1xanJ7uLRPNe+azaIm0Rx5pux/lw1l9JV5Ph/HnkRluL3sNmyoskxyk1ba0l1WyE90efWz422VNSI7yfV6lJPqlRJURkXgdy8Jcuy6/NtO979sGj3bT3mmXBmya3HlxXj1peltDzEx/FPrEzExM+/wBt8VcO9aDFu2ybHvus2nUUi+LPhpo8mLLSfS1LRreJifyTE+UxExMR3Hzyt/8AYsco/wCCmtf7Vx8X3udB+6jpj8/rP0F933wtd+5rqT8zpP00+eVv/sWOUf8ABTWv9q4fe50H7p+mPz+s/QT74Wu/c11J+Z0n6afPK3/2LHKP+Cmtf7Vw+9zoP3UdMfn9Z+gn3wtd+5rqT8zpP00+eVv/ALFjlH/BTWv9q4fe50H7qOmPz+s/QT74Wu/c11J+Z0n6afPK3/2LHKP+Cmtf7Vw+9zoP3UdMfn9Z+gn3wtd+5rqT8zpP00+eVv8A7FjlH/BPWv8AauH3udB+6fpn8/rP0E++Frv3NdSfmdJ+mrT+dPKTZtNxA5AZDgWu+QGhcxxrC628oNmZPTYLUwamWznWHwHa+HMrMwy+Qm3uYNk8wwhUFTa0mvqts+0xdPwQ8Mem9Z4t7Dt++7hsO+7RqdZfHl0eHJqb2vWdNqLRe1b6fBHu8dqVtaYyRMT28VtHMLbeMPiX1DofDDedx2Xb962bddNp8WTHqtRj09KVn5Vp6TSLY9Rmt35KXtWI7OJiZ+dWeJeYmX4ifO1tszRyv24R+mYR19mY15JXJabV/wCw15+5WY2WY/Z88DrW8+ltq+jM/RzfCJn+/NcH64nxrraP/tFrp+dWPOafGYj+4+3+P+J7uahxx6qrHnlqcddr4Tjriunc44uM0pa1dCIu5SjMz8ho71da01WWlI4rGS0RH1REy3U6a1r6bHa082mlZmfrniHYD53OAAAAAAAAAAAAAAAAAAAAAACM4H5qt7+xeJ/KIIl+D+U+CTBEAAAAAAAAAH//0PfwAAAAAAAAAAONa+xClH73qAW+bkzByoqH47Bn7IlPMwYbfk6/KkvkXRKG2yNRJI1dPtEArrVmIfKTikCokGl22Ws51696zXYzusj0SXD/AL63DS4TafMz6J6+sBJoAAANp/TJ/b/0AIIyL81XB/1xn/zVOATs39In9QBvAAAAAAAAAAAAAAAAAAAAAAAAAAAAAAAAAAAAAadCMyP3y9X7fl/oAR/sjD2sxxOfTNqJmd5zal8zPq3axyU9GSaz6qQ3IWRoX0/xTMBF+l80XZVaK+cp9ixqCdiS2ZSUpfUtlRJ6uJ7fcqPr0Mi6eZALjGDUppClH3Gou4j/APZVeaf/AGkBygAAAAAAAAAAAAAAAAAAAAAAAAAAAAAAAAAAAAAAAAAAAAAAAAAAAAAAAAAAAAAAAAAAAAAAAAAAAAAAAAAAAAAAAAAAAAAAAAAAAAAAAAAAAAAAAAAAAAAAAAAAAAAAAAAAAAAAAAAAAAAAAAAAAAAAAAAAAjPAvy62D+yh/wD7ckSt6R+IlJgiAAAAAAAAAAAAAAAAAAAAAAAw8+Jb4fes+QFnK5O51sPZlC7rHVkTEzxDBo2Fkzb18HJ7a5TM9scoqLBcSY5JyM0OGZm0llkjJPcZ9cuPZx8fOpOgtLXw12Pb9tz13Lc7Z/f6mdRzS9sOPH29mG9e6sRh5j4za3nPHHGKntCeBfTHXWe/iHv2s1+K237dTD7rTxh+dSmXLfmLZIni0zm+dzzERSOIieecBWM7mwHiDlG5l8Tb7ekLZlmh7VNbtTOZ2qZNOxi2N7Cr7e7uKvEq7CFSG5OWljJMtNSnnSjRn+8z9KkumxjN4Yb74r6DZcni9i2LN0xjiNdk2/TU11ck58+ktjxY76m2q4mNPObutala+8vXiI7JnnW3rfGnpjwj1O9aPwfvvGPq68/JKa/Pk000jBj1FMl70wfJpjnN7qsRW157K3nztNYdp/dOeev2R+SfwU1v/U37Q+r9ap7PX7mNL/KNb+kvHfrw/aL/AHS6j8xpP0c/unPPT1/PH5J+p8qmt+nvf/oaH61X2ev3MaX+Ua39JP14XtGful1H5jSfo5/dOeenvcj8kP3/APBXXH7n+Bp+sV/Wqez1+5jS/wAo1v6SfrwvaL/dLqPzGk/R29rxPOerbjbqeRuQqNtaVpS7iOtnW1Gk/pXWlYZ2uNn76T8jEbeyn7PN6zSemdNHMceWo1sT+SflPlKVfbF9oul4t/VJnnieeJ0+j4/0d6NPDD5p5ZzE1JlbmyK2tjbL1Zf1uOZNcUUU4FLlkG5rVWNDkbNYbjqaizkNxn2ZsVtSo6X2PStdjbqWW9ZntWeBmz+CnWWjr0xly36W3fT3zYMeW3fl098V+zLhm/Ee8xxNqWxXtEXmtuy/dak3vtW9k/x43Txy6J1Oq6iw48fUu2Z6Ys18cduPNXJW048vb6UvM0yVvWvzJ7a3rFIv7umTAYssqAAAAAAAAAAAAAAAAAAAAAAAAAB+fTtfILrLdrbRynI7CTbX+QbHzezt7OY4p2TMmOZLZtE4txR9SQzHaQ00kuiWmW0oSRJSRF+jrpDbdDs/SG07VtmKuHbtNtmlpjpWOK1rGCk8RH1zMza0+trTa0zMzMz+Z7xL3Tcd66/3fct1zXz67LuGe172mZmZtktM+vpHMzxEeUekREeUekfwIcgup2hdzY1MsZMmjxjbbLuP1zy1OMVHywYrVWNwzBJXX2PGnWSDkKaT0QT7riyLucWZ6wfugu3aHB4hbHumDFWm4avZpjNeI4nJ7nUZKYpv9dqUnsi0+fZWteeKxEbW/ud27bjrfDHdtu1ea+TR6XdK+6raZmMfvMUd8V59KzNIntjiO7utx3WtM5zxgG2DAAAAAAAgTlBoOn5Q6H2JobIMiuMTp9iV1ZXTshoGK+Tb1rdZkFRkCFwmLWPKgOKfdqEtK9I2ro2tRl0V0MvdeGnXes8M+udv650Gnw6rWbfkveuLLN4x3m+LJi+dNJraOIyTaOJjziOfLmJ8X4h9FaPxE6O1vRu4ZsmDR62uOLXxxE3iMeXHl8ot5fOnHFZ+PEzxMTxMYM6XwOtF5Pn+w9ctb53nEma6i4NYz7d6q1i5Ctvlzj21lCagRm8e9kRjrEUppeN3ycU6XaXRJ9c29b7a/W+27Dt/UNtj2S+HcLamlMcX1kWx/J5pS02mcvE9/vOa9vpFZ59Y4wz0HsbdCa7ftdsVd23aM231097Xmmn7b+/i969sRHdE09387u8pmY4jiJ59H0OMmHEixErU4mLGYjJWvoSlpYaS0S1EkiSSlEnqfQug13Zsk5stssxxNrTPH455Z+YscYsVcUecVrEfxRw+kcbkAAAAAAAAAAAAAAAAAAAAAABGcD81W9/YvE/lEES/B/KfBJgiAAAAAAAAAD//0ffwAAAAAAAAAAOptpZRYr5mXU/QqMvhI/e6F6+vmAtdxyIrYO2fZTv5LUYL0muE2fQpForyiNPkfuXuiuvXqR9e0BduZEfTqRH0PqXX3j9XUvgPoYDUAAAG0/pk/t/6AEEZF+arg/64z/5qnAJ2b+kT+oA3gAAAAAAAAAAAAAAAAAAAAAAAAAAAAAAAAAAAAADhe7ehGs+0uvuTI+iu/qRpJJ+v3XQBalm8VWvtoJumS7KbM4rzz/Z7hLdsytJSEoSnokvSNEhZ+XU1LM/WZgLnKib7NitO9DInWycQX51Ci6oIvg6JAdsXqL9QBqAAAAAAAAAAAAAAAAAAAAAAAAAAAAAAAAAAAAAAAAAAAAAAAAAAAAAAAAAAAAAAAAAAAAAAAAAAAAAAAAAAAAAAAAAAAAAAAAAAAAAAAAAAAAAAAAAAAAAAAAAAAAAAAAAAAAAAAAAAAAAAAAAAAAAAAAAAIzwL8utg/sof/wC3JErekfiJSYIgAAAAAAAAAAAAAAAAAAAAAALauYv/ABYtz/sNk+v4PZcPr/ELjeEf7ZWz/vyv+bZb3xX/AGud3/edv54eGHMP8Mcx9XX5b8r/AFPLIbLof7g/QLs3ls+i49PkeD+ho/ON1P8A2x676vlWT/OlfDw28PHY/NPFc1yvBthYPhsbCMmh4zPhZXX38uTMkzKiNcImRHKdpbKI5NSSbNK/dmtJn5F062E8bvaT6Z8DN20Oz7/tuv12XX6W2eltPfDWtYrknHNbRkmJm3NeeY8uJj488ZF+AnssdQePOw63fdn3PRaLHo9TXDamaMvdabU7u6OzHeOPh68/99439wf5AdPzctOdf1lzb4j1iyX/AAg3hz/iDe/zul/1l+P+Di65/wAfbVx+LUf7APwH+QH6OWnPvLm38f8AwfzFf+EG8Of8Qb3+d0v+sf8ABxdc/wCPtq/i1H+wE+A9v81JJW9NOJSakktRUebLUlHX3Sko9E0S1ER9SLuT19XUvWVJ+6DeHXE8dP73M8eX7LpY8/x8zxH5J/FKVfucPW02jv3/AGuKc+fEZ5mI+PETgjmfsmY/Gzg8IuGmH8LNVSsForyZl+U5RbpyXP8ANZ0RutO+vEwmK+LHrKlp2Sinx+ngxyaiRjefcI1OOOOrW4oywK8ePG7evHPq6nUG4YKaLadJh9xo9LW0391i7pvacmSYrOTNktPdkv20r5VrWta1hsI8BvBDYvAro7+pvasttVuOfJGXVai1e33uSK9sRSnNuzFSOeys2tPNr2m3zuK3liyK9wAAAAAAAAAAAAAAAAAAAAAAAAA/PQzX/DbOP2b5n+1/50W/7vmY/SRsX9gdB+8NN/QY35j+t/7cdz/f2X/Pl6SPAX/Mh5Bf861B/wBya3/wGsH7oX/bn03/AARm/wBKu2s/c5P2vt9/hTF/RSzzjXq2LgAAAAAAALatb/8AGU5M/rHob+YM0Fx+ov2uem/+v3P+l063nT/7YXUX/U7b/RahcqLcLhgAAAAAAAAAAAAAAAAAAAAAAAIzgfmq3v7F4n8ogiX4P5T4JMEQAAAAAAAAAf/S9/AAAAAAAAAB1/i9YCHdrZG1R0013qk/QsGpn3SSI5cglIT1+EiLp+oA+fR+OO0uFMT5iVHbZLLcyGcpaFpP0clXo4yOikkfQohdyfhJfUBNQAAAADaf0yf2/wDQAgjIvzVcH/XGf/NU4BOzf0if1AG8AAAHzyevoy8yIu7oojMi7kmhZGXcpC0p6devUy6eQCynlH4hnCzhBPxGs5ach9e6EnZ+1dTMGjZjNs0uZJXUL0Ri2lwPa2qnNJTBky2kuoV29inUl1M1dAFldz8kSeDFjxKdk87dczkpbNfpanE9nXJLSSUL/IXKvBnUOF6N1J+57vJRH16GXUKEb+SZ/BKW6bRc1avqa0pNS9T7wS24az7Ul3nrci9Gg/WZ9C6fa6gMhvFvxFOEHNd6ZG4scn9Rbku62Kc+wxTH8gRGzmsgI6E7LewK7aqcuYgNK6JckHE9ChZkRq8yIwvdJRdEEo0kpReSe7r1Mi6mSTPzV0+EBvAAAAAAAAAAAAARvuDa2BaL1dnm4tp5BGxPW2tMXucyznJ5jcx6NQYxQwXp9taux6+PKmyERIzJq7GkKWr3iAYmMb+SH/BjyZhmVD556ygIU0pZsXmP7FoXVpQ0044t5m1wthxgmUK92lZpUXQzPyIzAV1hPjp+FHtDamudL6t5j4NsvZe08uq8IwnDcGxjYuR2drkls+TMKMb8HDjrK2CXulPPyXm2mkp7lKJJGZBltjJNLZkrt7yWolGgiJJmXkXToZ/SpIiP1eZeoB9AAAAAAAAACI90445kOEWK4ielpQki+rHSSa1+kr+5yWwhKeqjU9CJZEXQ+p9AHX6nyVu5oIRoc7kuR2EI7uhLWttPatJEZ9T6Gk/e8ugCayMjLqRkZfCXmQDUAAAAAAAAAAAAAAAAAAAAAAAAAAAAAAAAAAAAAAAAAAAAAAAAAAAAAAAAAAAAAAAAAAAAAAAAAAAAAAAAAAAAAAAAAAAAAAAAAAAAAAAAAAAAAAAAAAAAAAAAAAAAAAAAAAAAAAAAAAAAAAAAAAAAAAAAAARngX5dbB/ZQ/8A9uSJW9I/ESkwRAAAAAAAAAAAAAAAAAAAAAAAW1cwyM+Mm5Ul07l4i82nqZERrcnQkIIzPyIjUovP3hcXwk8vEjaJn0jVxP5IraZW+8Vo58O92rHrOkmI/HNqxDw17AgTavYGwKuyjPQbOrz3N6yygyG1NSYVhAyi2izYchpZJW0/GkNKQtJkRkZD9APT2owazp7btXpb1yaXNt+myUtWea2pfBjtW1ZjymLVmJiYfnN6z0mp2/q3ctDrcdserxa3LS9LRxNbVvMWrMfCYmJifqmJh6TvAbr57Wkt7WrsKQ1WWG3a6LAnrbUmLNk1eF0yLNiM6fuXlwFym0u9PJC19p+ZGRavPuhGp01+vOn9JS9Z1WPZr2vSJ+dWuTU5OybR8IvFbTXn1iOfSY52y/c6NJqsXhtvWqy47102XdqxS0xxFprhrNu2fjxF6TP2WhnbGvxsOAAAAAAB8k2fBrWFSrGbEgRkmlKpE2QzFYSpX0qVPPrbbI1H6i6+Y5sGn1Gqye501L5Ms/g1rNp/iiJlwajU6bSY/farJTFhj8K9orH8czEEKfBsmEyq6bEnxlGpKZEKQzKYUpJ9FJS8wtxszSfrLr5Bn0+o0uT3OppfHlj8G1ZrP8UxEmn1Om1eP32lyUy4v7qlotH8cTMPrHC5wAAdRLyChr5CYk+7qIUtXTtiy7KHGkK7uhJ7WXnkOH3GZdPLz6j7cO3bhqMfvtPgzZMMfhVpa0fxxEw+HPum2abL7nU6jBjzf3NslK2/imYl2yVJWklJUSkqIlJUkyNKkn5kZGXUjIyHxzExPE+Uw+2Ji0d1Ziay1FFQAAAAB8U+yrqtj2TZz4VdG7iR7InymIjHerr2o9LIcbb7jIj6F16mOfT6XU6vJ7rS48mXLxzxSs2nj8URMvn1Or0ujx+91eXHixc8c3tFY5+rm0xHLSBZ1tqycirsINlHSo21PwJbExklkRGaDdjuOIJREZeXXqK6jSarR393q8eTFk454vWazx9fExEqabWaTW0nJo8uPLjieOaWraOfq5rMxy+4fO+kAAAB+ehmvnm2b/s3zT/vRb/xD9JGxf2B0H1/INN/QY35j+t/7cd0/f2X/Pl6R/AX/Mh5Bf8AOtQefw/+ZNaNYP3Qv+3Tpz+CM3+lXbWfucn7X2/fwpi/opZ6Br1bFwAAdbYXNRUk2dra1tYTxmTR2E6NCJ00/TE2cl1olmXv9OvQfVptFrdZMxo8OXLNfXspa3H4+2J4fJqtfodDxOtzYsMW9O+9ac/i7pjl9MSZEnx25UGVGmxXSM2pMR9qTHcIj6GbbzKltrIjLp5GfmOLNgzafJOHUUtjyx61tE1mPxxPEuXBqMGqxxm016ZMM+lqzFon8UxzD6RxOYAW1a3/AOMpyZ/WPQ/8wZoLj9RftcdNf9fuf9Lp1vOn/wBsLqL/AKnbf6LULlRbhcMAAAAAAAAAAAAAAAAAAAAAAABGcD81W9/YvE/lEES/B/KfBJgiAAAAAAAAAD//0/fwAAAAAAAAA4XlEhtw/f7DP9oi9Zn9oiAWlbPddynI6DEIyyUV1exo7vZ16txY/R1bx93TohSW1/b8v1AF2sZhmLHYjR0E1HjMtMMNp+lbZZQltpBfaQhJEA5gAAAAG0/pk/t/6AEEZF+arg/64z/5qnAJ2b+kT+oA3gAAA4nkmttSSLzPyP4e0/crNPq6L7DPp9sBE+xdL6o3BC9g7Z1JrzZcdtudChxc9xLGswYiwZ5oRKRCPIKuaqB7KQylxaGjR7tJH16kXQPx1smoIOE8nMvx2FVV7NLhXMi4oY1Y0ylMRGOUvIiPjzEBNchoo/sV2qb9iklzq2TTXb5F0Iw/XS2bwz4jbqwmbrzafGTRea4hcVzVfNqLnV+KvR3IThNrQiBKjVTVhVyGCNKkPxXmnW1p7kKLtMgH5cHiP8fS8LvxM96az4x57k+NyePGXYJsTR+y4VhIh57ryJn+LwtiY7jFjkMB6O/ewMQlIern0S0rizKY0E8gnCM1B+onwP37kHKjhhxb5F5ZTlQZVurRuutgZNUMNKYjV97kGNRJl29XNL90zXSrFxxccj/9crQAvAAAAAAAAAAAAAAdTe1lbdVUynuKuuuqq0ZXBsKq3jRZtZOiPEZPR5sOaxJiy47iC6KbcQpKi8jIB+Wx8kf3GsYfip7/AMe1VhGEYXi+m9Y6txOwga7xjH8Zj2WdFiEzPcqnz6+qhwIUm5bK7iQ3XlJ9ItLXZ1P1gPdx4OXBfSvFrgnxKnY9pzWVNubItDa4y/ZGzoeC0cDP8oyzM8bg5DdS7/LlwncokPtlbeiJlT/az2GlBkk1EYZfIrRstm2ZGXaaS+mUoldGmyM09xmaU9SMun2uvrM+ofSAAAAAAAAA+eQ226hbbyScacbWytoy6ktLxdii97qRoMyP7RgLRddemxHNMnw1Tne1XWb0isUrqXo40iQpcVtPvEl5pwunX1F6wF3rLiHGkLQfuTSRl9ry9XT1gOUAAAAAAAAAAAAAAAAAAAAAAAAAAAAAAAAAAAAAAAAAAAAAAAAAAAAAAAAAAAAAAAAAAAAAAAAAAAAAAAAAAAAAAAAAAAAAAAAAAAAAAAAAAAAAAAAAAAAAAAAAAAAAAAAAAAAAAAAAAAAAAAAAAAAAAAAAARngX5dbB/ZQ/wD9uSJW9I/ESkwRAAAAAAAAAAAAAAAAAAAAAAAWs82v+KjvL9hEr+WQhc7wY/bS2T9+1/zbLbeMP7WW9fvO3+dVE29fDJ4ichdgy9oZxg9xWZlbqYcyWxwnKrjEWMqfjtpZbm5BX1jqYMqzUwhKHJjbbMt5KU+kdV2kZe98P/ap8ZvDbpynSmwa/Bl2TDExgpqtPj1E6eJnma4b3jvrTmZmuO02x1mZ7axzPNv/ABB9ljwZ8S+ordU9R7deu85Jict8GWcUZpj45KRE17p5+dekUvfym1pmOV4WsdX4BpnBsf1rrDFqzDcIxeIqHSUFShwo0ZDjzkmS+8/IcfmT586W8t6TKkOOyJL7inHVrWpSjsr1V1X1F1vv+p6o6r1eXXb9q792XNkmO60xEVrERERWlKViK0pStaUpEVpWtYiIvT0t0r0/0VsWn6Z6W0uLR7Jpa9uPFTniOZm1rTMzNr3vaZte95te9pm1rTMzKvR556AAAAB4WOTHLfeu/dyZbnOS7FzSpi1+W3kfBsUx3KbyhoMDpKu2lQaeFRwaadXsptG4kRtUqeojlypBqWpfTtQnf94WeDfh/wCHfRGj2Da9s0ObNk0eKdVqM2DFlzavLkx1vktltkreZxza0xjwxPu8dOKxXnmZ/PZ4yePPiR134g6zeNRuWr02nwam0abBiy3pj09K2nsjHWJiIvWOItkiIvkmO68zPpk61v4t+zNfcF1N5NdQNgcmnNh5BrbXl3kSETZbWEVlBjtz803YMVhUb25l0C7xytiqWbSric02p70no5i1YqdT+xt0t1H4/wAW2vBk27wrjbcOt1mLDzSs6q+bNi+Q6O093u65oxRnyRHdGmxWtFO3uwVjLjpT22d+6e9nqdVvmbFr/FH9UMuj0k5J7sk6emHBknV6mv4c47ZbYsc35nLatbX97OLP34Vdl7W2duXIJeVbY2Bluwr+a8p52bk11MmsMd59SYrKlK2qWkgtl7luPDjsMNpIiSkiIZ0dLdIdKdEbdTaOj9u0e27djrERXBirSZ+2+Tzy5bz62vkva0zzMz5te/WHiL1t1/ud936v3LVa/W2nnnLebRX7KV+jjrHwpSK0r6VrEeTbrfbGzdKZBEzPU2e5Pr7I6lfsyNPoLaTGhumx1cNi5pluOUt7VPERk/FmMPMPNmpKk+fUq9T9H9K9dbdfY+sdu0m5bZmjttTNjra0c+XOPJxGXFkj1pfHet6zxMT5JdE+IfWnQO84t36R3HVaLXUyVnnFaYi/nx23r51yVn0mmStqW9LVtHMT7vtBZ3dbQ0bp7ZOR16Kq/wA91jg2YXVe02pliNaZFjVbbTkRmVuOraiHJlKU0lSlKS2aSMzPqY/Pr4i9P6HpPr7e+l9syTm27bt11WmxXmeZtjw5746TaYiIm3bWItMRETaJ4jh+i3w46h1/Vvh/snVO6Y4w7luO06TU5aRHEVyZsFMl+2J84r3WmaxPnFZjlZrzp8STWPDpj5Ta2AjZO87StRPq9fwp5Q63GoUxCyr8g2FcttyFUta+pJrjwmkOWE9KfyNDbSjkIvd4AezB1V42ZP1a1WSdr6BxZezJrLU7r57VmO/Do8UzX3t49L5bTGHFM/Ota8e7tZP2hPai6P8AAvS/qb2xuPW+bHzj0lLREYomOa5NTaPOlZ8prjr+yXiazPu6WjLHmS3fz65ccgZMr5edy5HUUEhThIwnXMqTr7D2GFOLcbivRKCUzb3SGfSdpLspsxwyIup+RdNqXQfs7+Dfhzir+oGyaXNuNeP/AGrW1rrNTM8cTaLZqzjxc8c8YMWOvPw+vUZ4h+1H40+I+W0btvGo0u22ny02kmdPgiPOO2aY5iclfOZj39sto/u54jizp9Hsl1UiUp2U+o+5UiU+/JkKPr9Mt99xx1Svt9eovZjn3VIx4YimP6qxFYj8kRELB5dbq9RknLmyWtkt6zPnM/j+v8qW9ab63fpqwZstVbd2JgchlZOex6PKrQqeQaVEfo5+OTnpuPWTCzIu5EiK4k/g8iMvG9U+HvQXW+mtpertm23cMdo47sunx+8r9tM1IrmpP1TTJWYe76R8WvEjoTU01XSe86/RWpPPbjy3jHP/AE8XPu8kf83JW1fsZ3eGnjSrtLWs13zCj09Uc92LX1G8MbrvaulTNkyCaaTsvHGXHImPxHDdIjt68kwWehHIjR2+99Ovvxv9hquj0mXqXwVtnzRji18m15r+8y9lY5n5DmmItmtHH/F83OW3/J5cluMc7JPAb289NvWrw9MeMlMWl1WSa0x7hir245tM8f8AtWOOK0iefPLirWlPwsUUi+WvobZeZkstSI7rb8d9tDzD7K0usvMupJbTrTqDUhxtxCiNKiMyMj6kNbN6XxXnHkia5KzMTExxMTHlMTE+cTE+UxLZbjyUy0rlxWi2O0RMTE8xMT5xMTHlMTHnEx6uQRTRztjbOvtHa/yPaG0clg4nhWLQ/ZdrbzjWs+5xaWYkCBDYQ7Ms7azluIYixI6HJEl9aW20qUoiHpuj+jupOvuo9N0p0npcms33V37ceOvHwjm172niuPHSsTfJkvMUpSJtaYiOXmur+r+nehOntT1V1VqaaTZNJTuyZLc/irSlY5tfJeeK0pWJta0xEQ8u/Kfxjd/batbWg0I/K0TrI1PxIdlHYr5m2Mgik6nssrK8dTOg4Wt9LZKREq0rlMEpSVzVn7lO2Lwk9ibw66O0mHcfEOtOoOquItakzeu34bcedKYo7Lant54nJnmKX4ia4K+s6ivGX28Ou+qdbm2rwymdl6aie2uXis6zLHP0pyecYefKYrgmtqece+yxPMYlMlyfKc1sHrbNMpyjMbaS4bsiyyzI7rJJz7ijM1OOSrmdNdUozUZ+suhmMxdr2nadi09dFsek0mi0lY4imnw4sNIj6orjrWGD289UdR9Q6mdZvuu1Ws1czzN82S+W8z9c3vNrTPnPnMzPn6tMZybJ8KsWLjC8pyfDreK4T0e0xPIrnG7CO6gyUlxqXTTobqVEpJe/0PoK7rtW077praHfdJpNborxxbHqMOPNSYn4TXLW0GzdUdR9O6mNbsOu1Wj1kTzGTDkvivE/XF6TW0T9sTEwzE8PfGL3DrK9p8Q5M2EvburZTkavezVcKMWz8KaUs0lbvyYLUZvP6lk3CVKaktlak2Xe0+8pJR3MKPGr2KOiuqtvz714WY6bN1ZSJvGli1vkOqnj+txW82nSZJ44x2pb5P3T23x0ifeVzy8Dfbv6s6e1+HYvFq1t06bvaKzq4rHyvTx/dTNYj5RWOebRk7ssx51yc1jHfH5yL5bbv5CbcyXZGR7Iy6DHO+sjwagxnKMgx/HcLxqNPfTj0HHK+rmVyWJLdahpx+atBTZchSnHVdTJKcjvDPwc6C8N+jdL0xtm2aLJl+T0+VZs+DDmzanPake+vmvkrfms37oriifdY6RFaRx5zjR4r+P3iF4i9canqTJumqxaSme3yXFhyXpi0+OLT2VxV+b2zEcRN+2L3mO/JM3mZemzwkuSGx+RfGiye2tbycoy7WeeWGv/AJcJ/Yq2yejZo6K9pJl++gkezr+FGuTiSJRpJcsmEPOGp5bi1arfbH8MOmPDPxSxU6Rw10mzbrt9NZ8mpz7vBlnLlxZa4on6OG04oyUx88Y++1KxFK0iNtPsZ+K3Uvir4U5NV1bktqN52zXW0k6i083z44xYstLZJ9bZK+8tSbTza1a0te18k3tOUgYmMt356Ga/4bZx5f8AscZp/wB6bb+MfpI2Lj9QdB+8NN/QY35j+t/7cdz/AH9l/wA6XpH8Bb8yHkF/zrUH/citGsH7oX/bn059X6kZv9Ku2s/c5P2vt+/hTH/RSz0DXq2LoC5Icl9T8Vdbzdm7bvF1tUiQmto6WuZTPybL8geZdeiY7i9R6VlVhaSW2FrUaltx47KFPPutMoWtNxPDDwt6w8Xep6dK9G6eMurmvfly3nswabDExFs2fJxPZjrMxEcRa97TFMdb3tFZt54m+KHSHhJ0xk6q6x1HudFWe3Hjr87LnycTMYsVOY5tPHMzM1pSPnXtWsTLyyck/Fl5Ub2sbSuwrJJOhdbyHVN1+Ma+mJazF6En0qULyLY6WWbpybIad/Jmqsq6KnoSfyU0+kVts8L/AGPPCTw+02HVb7padQ9T1jm+fWV500W8pn3Oi5nFFazHzbZ/fZJ85+bz2xp68XPbc8VevtVn0PSue+w9MWma0x6a011Fqccc5NVEVzd0+c/sVsNOJiJx8x3TjNt7CyyCY7Y5Ba21/YSFqcfsL21sbqc+4v6dx2XZyZUha1H6zNRmYyn0Wm0u24I023YcOm01Y4imLHTFWI+qK0rWIj6uIYhbhve77tqZ1m56nNqNXbzm+S02tPPrzafOefjzKp8H2LsTWNoxda2z/Ntf20ZRLZnYdlV3j7qeh9ejjVfNaiyWldfdIdbcbURmSkmRmQ6rf+memeq9JbQ9UbdoNx0do4mmpwYs0fkm9ZtWfqmsxMfCYdz03131j0fq667pfc9boNTW0T3YMt8UzMTzxM0tWZifjEzxaPKYmOec1PFzxqNjYvT3mI8l4MPPXmMaun8E2XXVjdXalk9fTSHcfx7YdPSMsxLGovLKO1HO2gMMyIzjvdIZcQpT7WC3iz7DHTG7a3T7z4W5L7djtqsUavQ3vOTH7i+WIzZtHkyzNqZMVJtf5Plval614x3raIx32BeEHt+75oNt1Gz+KmKus1ePR5baXWUpFb3z0xTOHFqaYorW1Mt6xScuOsXpNu6/vIm18eJDKeS/IfOdhvbcyTc2yC2LIsvbhm7psvvKJuglG76dmFjFZVTo9VQ01aro3HiMMkwlpJEtK+qjVmRtHhZ4bbB01Xo7bNj2v+pmuL3c4smnxZZzV44m2e+SlsmXLf1vkvbvm08xNeI4wq37xv8AFHferr9aane9fG9zmnJS9Mt8fu+J5rXFWk1jFSPKIpj7KVjyrFY8nqm8M/c2S8hMay/bmaehXml9hOm6XL5sZhqJGuchxNjPqOZkMeFHSiNATesx2pDjDSUstPrcS2lKO1Jahfai6H2vw23/AE/Ruxd0bHp9br8umraZtbFh1HyXLXDNp5tf3UzakXtM2tSKzaZtzM7mvZc683HxO6bzdbbxEfqxqNJosWeYiIjJl006rFOXisRWvvaxW9q1iKxebdta14iMoYxYZSgAAAAAAAAAAAAAAAAAAAAAAAIzgfmq3v7F4n8ogiX4P5T4JMEQAAAAAAAAAf/U9/AAAAAAAAADp7p/2PDec69PcLR1P1dVJM09fhI//ABbBrVk8i25dXL5eljYrBOK33F5FMsH/Y8ZxBeo1En0xqP/ABS7fh8gu2L1F+oQDUAAAABtP6ZP7f8AoAQRkX5quD/rjP8A5qnAJ2b+kT+oA3gAAAANqv8AF+Hu8v3D6/8AtPUB+M1yGX7UcyuRkkork06Pm5tKyhV8RCin2KaPkhYWJVcKQls0Jm2iohRozTiiaXIdR1LqfUg963IHx/8AlhrzVl5lWv8AwPfEEjXtbUqkwb7ceHLqNe48amWmjuchPXETN8nsKWCkycfajMMOuNErotv1kHkY4i0XF3xR+eecbO8VHnHQ8fbnd21Kq2u8Wg4bfUSt/TrFTVJG1dRbkkxjwvROCY3XVsejUzbehslstdEeheecWkP1PcGxnDsIwjE8NwCpraHA8RxijxvEaqiQkqOpxOlqWIVDV1iyW4S6yFUNspadSpZLQkj7jPqArounQunq6eX6gDUAAAAAAAAAAAHE8aSbUaz7UEXu1dUpJKOnu1LUr3KUJT1Mz+AB+Ptum1n+IR4n2forVTZj3MTxA04TTPNN+7Yw+63BW4ozJjpIjWRVWD44fe37okINReZF1Afr9UtVBoamsoqxluPX01bAq4LDSUobYh18VqFEZQ2giS2hqPHSkkkREREA7QAAAAAAAAAAcS0rUpHQiNKeqvX06rIvcF6vV5gLWNpQ1Y/s/HL9skxm8iriiSFpUXozsq99siQs+hElKo60dFesz6+QC5CglJlV7LyTPtUhHTuLoojNJeRl7wDvAAAAAAAAAAAAAAAAAAAAAAAAAAAAAAAAAAAAAAAAAAAAAAAAAAAAAAAAAAAAAAAAAAAAAAAAAAAAAAAAAAAAAAAAAAAAAAAAAAAAAAAAAAAAAAAAAAAAAAAAAAAAAAAAAAAAAAAAAAAAAAAAAAAAAAAAAABGeBfl1sH9lD//AG5Ilb0j8RKTBEAAAAAAAAAAAAAAAAAAAAAABbFzOj+y+Lm6oxuehS/hzzSnjT3k0hU+CS3TR1I1E2jqrp7/AEFyvB7L7nxN2bLEd011cTx9c9tuI/LPkt14t44y+G+745nti2kmJn6o7q8z+SPN5neTfir8sc32/mh6w2RP1JrnHslv8fw7GsWqsfVMl1FPaSqyPe5PbW9VaT7C6uURCkLZbW3EiEsmm0KNK3XNrPhX7Ifg/sHRehjqva8e89T6jS4s2pz58mbtrkyY63tiwY8eTHSmLFNuyLTE5MnE3taImKV1GeMPtoeLu79c63F0buF9p6Y02oviwYsVMfdalLTEZMt7Vte2S8cTaO7srPlSscd1rfv7o5zp6/8AGaz/AO4sO/j/APNfp6xcX9bJ4AfuV27/ALWp/wButZ+u19oT90ms/ix/6h/dHOdP2TWf/cWHef6n/mwH62TwAn/91du/7Wp/26v67X2hP3Saz+LH/qH90c50n1L55rYHn1Lyh4cR/ql/5sEZGK/rZPACP/3V27/tan/bqfrtfaE/dLrP4sf+ozQeEx4ge4t/ZrlOgd6WTObXVXh8vPMN2IdfAq71+BV21TUXOM5PHqY0OrsVs+3UeRBmoYZeNKXm3zdV6JZYN+2J7OXRXh1sWk8RegMU6DQ5tbXSanR998mKL5MeTJiz4LZLWyU591emXFN7V5mlsfZHfE59+xh7TXWPiju2q8PevbRrN1waO+qwavtpS80x5MVL4csUitbf12LY79kWjsvGS95tTszwDX02IPzwch/wkyf1/wCE+S/z/Y/tj9KG2/2M0n70wf0VH5heqf7Y9b++b/zttFQ3eUXtLjOMU8+/ybJbWux/HqKpjnLtbu5tZTcOrqq+On3T0qZLfShBGZJI1GZmSSMyruG4aHadvz7ruufHptq0uG+bNlyT248WLHWbXyXt8K1rEzPx8uI5mYh8my7NunUW7abYtmw31G6avNTFixUiZtfJktFa1rEecza0xERHnM8RHnw9JXHzwN9cR8Rqrjktm+X3mc2UGLLssN19bw8cxTFZTpG49TqvUQZ1zlMqKg0tuykOw46nCX6Jo09iz1geI/t89T5N5zaLwt0Gi0+wYslq01Osx2zajUVjyjJ7rvpiwVt5zXHNcl4r2914nmsbafDP7nx0Zo9lw6zxN1ms1XUGTHW2TBprY8eDDafOcc3mmW2W1fozek46890R3xFbzdBing0cIMZyWHkUvGc8zKPBkty2sWzPPLC1xN51lXey3YVcSNWv20NDhEao8p96O8RdrqFoM0nafePbe8ed12u+24dVt+iyZKTWdRptJTHqIifKZpkta8Y7THpfHWt6+tLVmImLw7H7EHgJsm7Y92+R6zVziv3VxZ88Ww8xPMd1cePHe0R/c2vNbR5Xi0TMTdPzJ5FU3EXjbmu02olcu3qK+Ji+tsbWhMeDbZxdJOtxOoTGY9CRVdetKpkpts0GmuhPdhkaSFpPBLw013jL4n6HpK98saPNktn1ueJ5vj0uL5+oyd08/sl/LHjtbnnNkp3RMTK7fjd4mbf4M+GGu6umuKNTgxRh0eKYiK31N4muGkVjt5pjiLZb0rMT7nFeK8Tw8O+UZRk2c5Nf5pml5YZRl+V20u9ybIrRz00+5uJznpJMx9Xkhpsj6IZZQSWo7CUNNJS2hKS327TtO1bBtWn2PYtPj0my6PDXFgw444pjx0jitY+Mz8bWnm17Ta9pm1pmfzxdSdR7z1Zvep6i6g1GTU7vq8tsmTJknm1rWnmeZ8o/JEREfCIjiIv44U+GzuPmKyWZFPY1fpePNehK2Lc1j1jOyiTDfXHsIevsf9NDRdogSG1Mv2Eh9iA0+hTaDkOtuNox48dfah6K8FL/AKie7tu3XNqRb5HivFKYK2jmltZm4tOLviYtTDSls1qTW1ox0tW1snfZ/wDZG6z8asMdQ63JG09ExfiNRkpNr55rbi9dPi5r39vE1teb0x1t5d9r0vjjM7ReBlxPhVTMbIM43nkNwTZFKt2csxuiacd99cWqg4e7HjN/Aha3zL31GMHtw9vvxgz6u2XbtBsGm0XPzcc6fPlmI+q2S2pibT9sRX8UM9Nt+58+Cul0fuNfq971OrmPPJ73T0iJ/wCZT5LfiPqi1rz9cysx5M+CHl2D43a5jxqz612h7UsPzpGsM1h1UDMp8JgiUpvE8mqm6+kurZDRqUmFLiQjf7O1t83FIbVfDwr9vLZt+3TDsnijt2LaffWisa7S2yX01LT8dRgyTfLixzPETlx5MvbzzbHFIm8WG8WPue2t2jasu8eFe45dwzYazadHqa1rnvWPOfdZcfbjyZOPTH7vDzx82b3mKTggkxpESRKgzokmFMhyJMCwgWEV6HOgzIjzkWdX2EGU23IiTIklpbTzLqErbcSpKiIyMhsGxZcWbHTUae9L4L1rel6Wi1bVtEWpelqzMWrasxatqzMTExMTw1qavSavbtXk0Wtx3w63Dea3paJral6zxMTE8TExMfZMT9UvSl4KvL+yyqmt+JWf2r0+ywimdyjTtpYy1yJknB2JLMa9wQ3pCjdeLC5Mth+uT3LUmskqZLtahIIau/bp8F9LtGuw+MfTmGuPS6/NGDcsdKxFa6qazbFquI8o+U1reuaeIic9IvPN89pbcfYL8dNX1LtWbwj6lzTk3HbsPvdDe9pm1tPExGTT8z8MMzF8NeZn3c5aViuLBSIz+jXS2PvID4s3Li139yBttU49bmvT+ibqXj9TBhvmcDJtjw2jg5jl88mj9DOXRzFPU9aZm4hhpiS80aTlrIbofY88G9H4deHOHq/csPHWnUGCubJa0fPwaK092m09OfOsZa9upz+k3tbFS8TGGrSN7bXjhrPEHxBy9C7Tmn+o7Ys1sUVpb5ufVV+bnzW48rTS3dhx890RjrN6TEZ8kTje1xrjOdu5zjmttaYzY5fnGWTfYFFj9YlsnpK0Nqfly5cl9TUOrp6uI2p+ZNkLbjxI6FOOKIiLrk91N1P0/wBGbBquqOqNVi0WwaPH35c1+eK8zxWtaxzbJkvaYpjx0i18l5itYmZ8sSei+i+pfEHqLTdKdJ6XJq961V+2lK/imZtaZmIrWtYm1rWmK1rW1rWrWtrR6EtJ+BLibdNW2XIjcGT2GQyYpPWWJanRWUdBUyVl1KEnK8gqrm4vSYSfRbyIlela/pUEkiNWt7rv7oFvFtdl0vhrsukx7bW/FNRuHflzZKx+F8nw5MWPFz8KzkzTEes8zxG0PoH7nX01g0GHVeI+76rNuk1i2TDoox48dLTEfM99mx5ZyxE882rhxT8ImYjm0ibC8CbQFrWOFq/bG18FvUtL9A7k71Bn1E88SVG0UuuOqxy1S2a+hKNqegyT6i6+vzXTf3QLxF0erj+qvZ9o3Db5mOYwRm0mWI+Pbf3mbHzx6d2KfP48PU9Ufc8fC/cdLaeltz3Tb9w7Jis5vc6jD3efEzSmPT39eOf2WY4/B5YDOUXEjc/EXN2MP2xSMFAuTmu4XnVEt6XhucwoBtnKdp5jzbUiDbQW3m1S62WhuXGJaV/kjKkOr2IeE3jJ0P4y7Fbeuj89vlGCKxqdJl4rqdLa/PbGSsTMWx3mJjHmxzbHfia/NvW1K61PGjwH658D97jbeqMMX2zNNvk2rx82wZ61mOe20xExavdWL0tFb1m0c17bUte2b1fb69PP9QXUWVeo7wH/APi67l9X5uUn9v8A8wMJGpr7oN+2Xsn8AV/0vVNyX3On9qref4dn/RdOzjjAdsGfnoZr/htnH7OMz/70W/7Y/SRsX9gdB+8NN/QY35j+t/7cdz/f2X/Pl6R/AW/Mh5Bf861B/wByK0awfuhf9unTn8EZv9Ku2s/c5P2vt+/hTF/RSzxvvsRWHpUp5qNGjNOPyJD7iGWGGGUG468864aW2mmm0mpSlGRJSXU/Ia+MePJmyVxYqzbLaYitYiZmZmeIiIjzmZnyiI85lsUyZMeHHbNmtWuKlZm1pmIiIiOZmZnyiIjzmZ8oh4feePLC85dcgMkzT2ykua0xWZZ4ppui73G4NfhsSYbK8m9hK6Novs9fipny3lEbpRzjRe4246CG+n2fPB/QeDPhzpdj91WOqdZTHqNyy8RN76m1eYwd3r7rSRacWOsfNm8ZcvEWy2fn49pzxr3Hxm8RtTrceW/9SehyXwaDFzMVjDW3HvZr5cZM/EZcnMd0WmuKbWrhx9sL6F4/7W5L7Fr9X6fxz2/yWZHXZWMqU+cDHsWoWHW2JeSZXcm08ippYrzqGyMkOSJT60sR2nXlEg/c+IfiN0h4WdNZOrOtNT8m2ulopStY782fLMTNcGnxcxOTLaImfWtKUib5L0pE2i3Phd4UdZeL/U1Ol+jdN77V9vdkyWntxYMcTEWyZb8TFKV7oiZ4mZma1rW+S1KW9B+r/Ak07W1cZ7cu4Ni5nfuRmVTImBppcFxuJMUkjkMxFTqzJb6fGaV1Qh1yRHU4Rdxto69idcHVn3QPrbVau1OiNl2zQ7dFpittX73V57V+E27L4MNLT6zWKXiPSLTxzOz/AKP+52+H2g0uPJ1nu2467ce359dNGLBh7p+H7Ljz3tFfSLR7ru9ZpHPEfJtfwI9V2FXKkaQ3FneJX7Uda4VZsZupzXGZspJdW2JUyqrMcyCsYePyU6hctTfrJpf0p83SH3QTq7TaumLrzZNv1m3Tb519FOTTZ61+M1rkvmw5Jj+5mMcT6d9fWOHrT7nZ0LrtJkydC7vrtFuXb8ymqjHnwzMfDuxY8N6RbzibTXNNeeYpbjifPrvPQu1eN+wZ+s9w4s/jGTw2CnwVodTNoslo3H3I8XJMVuW0NsXVFKdaUjvSSHWHkKZfbaeQpBbHOgPEPpDxP6cx9VdFauur2q89lo47MuDLERNsOoxTzOLLWJieJma3rMXx2vS0WnWF4m+FnWfhH1JfpjrTS2wayI7sd4+dizY5m0VyYbx829LdtuJjziYtW0VvW9KxB0/a/wDHr6yHtVuuXqx8FX8w3Jf/AEviP855/wD+I0/e3L+2Ti//ABf6PSt3HsI/tV2/HT+l1TNGMI2cIAAAAAAAAAAAAAAAAAAAAAAACM4H5qt7+xeJ/KIIl+D+U+CTBEAAAAAAAAAH/9X38AAAAAAAAAI7z+zTAqZajM+vsdb5dDIjImkmXb7o+ncsz8vtAIz46wFKx3JMhcIjdvMifZ91/fENVhE0SzV6lIW66akkXqIBcekyNJGXqMiMv1DLy/iAagAAAANp/TJ/b/0AIIyL81XB/wBcZ/8ANU4BOzf0if1AG8AAAABtMy7kF1Ij6mZF8PRJkfT9TqA/Gq5EdEc5N+kZ9Vtc/NgpR1QhxKHEcqOvcaVmXVK0q6KL4CAfsjstuux2F+mUlRssK6pUpPVZJQrz6mojSrr5l08/f6kA/N6+SnuJ2n+PnPjWGZapxenxqFy505kmY7RwinYjVdA5sHXGTVOPO5pErGGm6+A/mlDcMM2KEtqalyIPp1I9MpThh6IvkVPkBsvdfhpWeHbGurLKGOOe+8501rnJLSe/YzJWua6mx3Jsaxxx+Qk3ZJ4aq9egMd7i+2IhpszLs8w9OYAAAAAAAAAAAACyzxHN6Q+M/Avl5vaY6TJ634/bNu65Xsg4inL9/GJ9VjUduQXQ235eQWEZpvp5+kWXTz6APzgvkazRsjcXi2cVfbxByY2hcB2fyJyk33XHVKuazGF4risiQg0mhNizmedG6ojPqr0Jr69yS6h+qUyR/khmSi6uKMu4iIzLyLqXTr1SZl1L7RgOYAAAAAAAAAAAFvPIuuW9iVbcEXVOP5DWzHSQRk8uPNM4CybX9IgmXlpcX3eRoSZF59AFb65tDsaWKslEozSyZqI+qVmaPpk9P8UyIBJ4AAAAAAAAAAAAAAAAAAAAAAAAAAAAAAAAAAAAAAAAAAAAAAAAAAAAAAAAAAAAAAAAAAAAAAAAAAAAAAAAAAAAAAAAAAAAAAAAAAAAAAAAAAAAAAAAAAAAAAAAAAAAAAAAAAAAAAAAAAAAAAAAAAAAAAAAAAjPAvy62D+yh/8A7ckSt6R+IlJgiAAAAAAAAAAAAAAAAAAAAAAAtq5i/wDFi3P+w2T/ACuGLjeEf7ZWz8f4ZX/Nst74rftc7v8AvO388PDDmP8AhjmPX3swys/3Mhsvtj9A2zf2G0X7zwf0NH5xup/7Y9d++sn+dK+/hJ4eOVc2caz7JMc2jj2v0YDkVXjsqHdYzZXzliu0qStm5jD8G1rW47baT9GaFEtRqIz6kXQjx78d/aT2jwI3Tb9r3PadTuNtx0181bYs9MUUjHk93NZi2O8zM+vMcRxxHn8MlPZ69ljcPH3Y9fvWi3fBt9dDqKYppfDfJNu+trd3NbViOO3jjz/J8b3f7gps/wCyPwP8HeQf1nFhv+EM6Uj/APdjcP5Zh/2DIT/g3N+/dPo/5Nk/2jQ/AU2h0PpyPwMz6H0668vy8/tn8s5+Xl8Af8IZ0p+5jcOP35h/2B/wbm//AA6m0f8AJsv+0ZROA/hy4ZwqRkmVTcrd2TtzMK9qjs8vVVFQ09Fi7Mtqw+VnF6T2bZPsMTbBhp+dKkSHXpbkdkkpZQ2SDxP9of2md88dLaXaMGjrtfRuiyTlpp/ee9yZc81mnv8APl7aRM1pNqYsdKVrji9+Zva3dGYPs5+zD074CafUbh8p/VLq/V0nHk1Pu/d1ph7q391ipNr2iL2pS2W1rT3zjp20x8W7skgxgZRPzwch88jyf9lGTF/9nrEfpQ23+xek/emD+io/MJ1T/bHrf3zf+dl68EzS0PYHJvJtq28MpVZo3C/ZdOa2yWw1nGfrnUFTIWS0qbU5AxiFbqb/AMZDrqFp6GkjLDD27euc3TnhVpOkdHfs1W/67tycT5zpdJFM2SPr4vnvp4n4TWtqz5Twzh+589A4OoPE7WdZ62kXwbHo+cfMeUajU92LHb6piMUameJ84vWlo4mvL1iDT83NADzmePZncs5HG7V7ElxEFXy/bDtYZLMmZEuK3SYxj0hxv6VS4bVjZkg/e9MfwjZn9zy6fw+76n6ryUidR/7Jo8dvjWtpy580RP1WmmCZ+vthq6+6Q9R56afprpPHaY0t51OqyR8JtE4sWGfx1j38fivP1sF+j9Xy927m1Xp+HJcgL2VneOYlJsWSM3q2qsZyDvrJoiSo/S11CzJeR5H0Wghn7191Zi6D6I3frTNSMkbXt+bUVpPpfJSk+6xz9l8s0rP2TLXV4W9G5PEHxC2jo3HaaRuGvw4bWjieyl71i+TiYmJ7KzN+JjiYrMfF74cRxPHMDxbHcKxCoh0GLYnS1uPY9SwG/RQ6unqIjUGvgx0dTV6OPGYSnqZmpXTqZmZmZ/nh3neNz6h3bU77vWa+o3bWZ75s2W882yZMlpte0z9c2mZ8vKPSIiPJ+kjZtn23p/adNsezYaafatJgphw46/Rpjx1itax8fKIjznmZnzmZmZmaiHWuyAHlG8a3j7R6w3/h+4cWrmays31S3L+UxYzaW4rmx8McrGLW6Q02SG2X8kx+3hLkERdXpUR19Rm46sz2+ewr4j6/qvw61vRe7ZbZdX09nxxgtaebRotTF5x4uZ85jDmx5Yp/c48lMcRFaViNNn3QPwz2/pfr3QddbTijFg33DknPFY4r8q09qRlyfVE5aZcNpiI5tk99ktM2vPFifBTYUzV3MXjllkR9cZt3Z9BiNspH/ryh2A4vCbhlxP0q2zjXpOdD9Sm0n6yIyyB9oDpzB1Z4KdTbPmrF7RtWbUY+fhl0cfKscx9U92Lj8Vpj4sb/AGaOqc3SHjl03uuK1opfc8OnvxPrj1Vvk2Tn64jHmvPn8eJ9Yjj2r7rzZzWunNr7EZUlL+Da4zbLoxrT3oOVj2N2VrFSpHqUS5EVJdPf6jRb0JsNeqettn6avz7vcNz0unt/0c2emO38VbTLfv15v1uluh946lx/13b9r1Wor/0sOC+Sv8dqxD8/kpEqX1mTnnJM6apc2dJdWbjsmdNWqVNkOrV1Ut2RKeWtRn5mpRj9GXusWGPc4KxXT447aVjyitKx21rEfVFYiIj4RD8zmu1GXVa3Lqc1rXy3yWmbWnm1p59ZmfOZn4zPnL04+BnoilptU7B5F2VfHey3PMosMAxqxdb75NXguIKhHZsQnFF+QJyHLlPLkkn++Jr43U/cERaqfb78Qddrer9t8M9LltXZtv0lNZnpE/NyavUd3u5tHx9zp+2Kc/RnNl4+k2+/c9vDnQbX0LrvEjU4qTvO46m2mw3nztTTYYpa8Vnj5vvc09uSOZ5+T458vPnPGNfDYkALSecXHzHeSvGjZmvrmEy9dQ6Cyy7X9obaFS8f2BjNdMsMas4Tqi7mSkSEqhSiIy9NBlPtH5LMXj8BPEjc/C7xS2rqTRZLV0N9RTT6zHzPbm0ee9aZ6Wj49scZcfP0cuPHf1rCznj34cbX4o+Fm7dN6/FW+srpcmfS2mPPHqsOO1sVqz6xF55xZOOJnFkvETEzEx4W47vpmGXjT2G6024aD/xFLQSlI6n+cM+n7Q3+5K9l5pE8xEzH4/tfnNzU93ltjiee20xz9fE+v5fV6k/Ag/4u25f+fOT/ANwMJGpf7oL+2Xsf8AV/0vVNx33Oj9qnef4dn/RdOzjjAdsHfnoZr/htnH7N8z+3165Rbj9JGxf2B0H1/INN/QY35j+t/wC3Hc/39l/zpekfwFvzIeQX/OtQf9yK0awfuhf9unTn8EZv9Ku2s/c5P2vt+/hTF/RSyI+I1n1nrXhFyLyemkKiWruBO4tCktq7HY7md2tZg7j7C+hmh9iPkK1oUXQ0qSRkZGRGWNXsy9O6Xqjx46Z2rXVi+kjcYz2rPpMaTHfVREx8YmcMRMfGJ84mPJlD7TPUWbpbwI6l3XTW7M9tB8niYniY+V5celtNZjzi0VzWmJjziYiYmPWPEAhCW0IbQXY22lCEJLyJKEF2pIvtJQRfuDfTNpvM2n6U+f5X53rWte03t53mZmfxz/8AN7A/CA0NTan4i4vnyq9hGcb4cc2FktopovZq6H2VNg4DR+yPNSq6sxtKZKG/JKZNhIV06rMz0te2j4ha7rDxl1fTsZLTsPT0Ro8GPn5vve2ttXl49O++bnHM+s0w44/BiI3uexX4b6DofwX0e8+6pG+75zqs+Tj504oteump3cRPZGP9mivpF8+TjmOJZUxiMy7AGLjxcuP+Pbf4k5hna69r5fNExntiYjcNskc1FTHdiN5zj7jySN06q7xtC3Vt/S+y4cZ0/wC9DLL2NfEXcui/GPRdP1yT/U/1BaNHqMcz82ckxadLmiPT3mLNMVifX3eTLT8JiV7Z3hrtXXfgxr95zUrG+bFSdXp8vHzq44msanHMx59lsUe8mPT3mLHM/NiefHj1I/fIy94/h6+/+4N1fn6T6tDfm9WPgq/mHZN/6XxH+c8/Gn725v2ycP8A+L/RaVu59hH9qq3/AEqf0uqZpBhGzgAAAAAAAAAAAAAAAAAAAAAAAARnA/NVvf2LxP5RBEvwfynwSYIgAAAAAAAAA//W9/AAAAAAAANPf6fa/wDV/wBAC3vd9h7EpbA0rLqcJtv6bt7fSGojMj8+p9qTPoArXTtUdZrbFGVEbbkiu9nSCNJEbj055UknT9/zaUkvtkAk9JElJJL1JIiL9Qi6ANQAAAAG0/pk/t/6AEEZF+arg/64z/5qnAJ2b+kT+oA3gAAA43FmgiUSSMu4iPqok9CPyI/P1+66F0+2Axv89vFi4Q+GqjDGeWezbPEcj2JV31xrvDsawnLc2yjNImPvV8SzTTRMeqpUJl5ubax2SKZIjJUt0j7iSSjSH5R+fZrP2hvvYm6qrBM8brc75LZRutFTDw3K7mXW1l7uYtixqV466kkJesUUqTbWlK+rb/RCvPzAfo2SPknzwv6/FYFiy/yfsMrfrHX3daQuLe3flyr50WKg01M9cyghY6h+VK6MNPInLjqWfU1pSRmQeUXk/jXiX/JEfNprdun+F2zdca3p6BOpdQzNx1dhgWrdO6/qrBdre5XsHYmQQ6xjJc7vb+ac2XBx6JYPssJYhsE+aFOGHvQ8L/w/sT8NvhlrTi1jmTnm1rTP2uZ7Lz5MD2qRnmz8xlot8wyODXJfkLqql2YluPAYNxxbUCM0lSjV1MBkSAAAAAAAAAAABxPOky046pSEpbSa1rdWTbbaE+a3HHFeSG20dVGfvEQDxBfJCPjYcT+VfD7YfBfhvkedb1yvYWwsLo9s59g2tNgyNZYbg2C5bFyfKYTOUuY8y3ld5Y3eORoDLNe29EMnHHFSCJCCcDFP8jvc9eF/hvcguRm0OaWV59qm529hGA6v1JaS9Q7DuMZTVw72yyLNSsbNjHfbKnsZFwzBJLZMrbcYb7lLI0kRh+mPVTotnEj2MFwn4dhEhz4klLTrRSIs1kpEZ0ifJD/u2XEn0WlKk9ehkR+RB2YAAAAAAAAAAAI72pA9sde5qx2ekX8r02QynoR9HYLLkttSfIzJRrR6/e6AIy0bYE/SV8c1l5MJIzLqaurLST+lMuhGZmf6gC5EvPzAAAAAAAAAAAAAAAAAAAAAAAAAAAAAAAAAAAAAAAAAAAAAAAAAAAAAAAAAAAAAAAAAAAAAAAAAAAAAAAAAAAAAAAAAAAAAAAAAAAAAAAAAAAAAAAAAAAAAAAAAAAAAAAAAAAAAAAAAAAAAAAAAAAAAAAAAAEZ4F+XWwf2UP/8AbkiVvSPxEpMEQAAAAAAAAAAAAAAAAAAAAAAFtXMX/ixbn/YbJ/lcMXG8I/2ydn/flf8ANst94rftdbv+87fzw8MWYf4Y5j+zDK/+8NkP0C7N/YbR/vPB/Q0fnE6o/tj1376yf50vR94Cf5mXIz/nIxD/ALnjWL90Mn/7VdM/wXqP9IbXvucX9o3UH8I4P6PIz6DXc2PAAAAPzwsh/wAJMn+D5aMm/n6xH6UNt/sXpf3pg/oqPzCdU/2x636/lN/53pU8BalZY1FyCyEkdJFrtPHqZxzy6qYoMMhSmG+vr6NuZA6fT3jWfwjV190L118nWfTm2zP7Hh2jNkiPtzam1Zn8sYa/xNsn3OTQ48fh/v25xEe9y7pixTP1xiwzesfknPb+NnpGvRsXAHmT8emnls7W465CtH/k+x19ndGwvp65tTkdDYSkGfq8o9w0ZF+qNqf3PTW4L9IdTbbE/wDtGPctJlmP+bkw5aVn+PHZqa+6RaTPXqHprWzH/s+TRaikT/zsWWs2j+LNT+NjG4I5bV4NzM405LdPtRqpjatNUS5b7hNMRPlsh2OIxpL7p9Etsszr1o1GfkRevy6mMqvaC2bV7/4H9U7XoazfV22jLkrWI5m3ye1NRasR8ZmuK0R8fq82Ivsxb5pOnvHfprcddaK6b9UceKZnyiPfz7mLT9UV953TPpERMz5c8e6UaAn6HwAAecjx8MsqXZnGbAmnkOX0JOys0nRyNPpItNMaxnH615wuvclFhOjyko95RxlfB5bNfueOzaymDqrqK9Zjb7/ItLWfhbJWc+a8R9tKTjmfq74+tq6+6Rb5o/cdM9OVmJ18fK9RaOY5rS86emOZj14yWxZeJ9P2OWEvjXRzMn5HcfcegpUuXb7t1fEaSjoZkks0p5D7vuuhdI8Vhaz/APZUmM7vFHX4dq8Meo9x1ExGLDsWvtP8lyxEfltMR+Vr28G9uz7t4r9ObfpqzOXLveir5fCJ1OKJn8kTz+R7Y+XVRMvuK/I6nr0KcnWGj9ox4raFmhbr6sLuTbaQovPucUntIvf69Bom8Gtbg27xc6Y1upmIwY9+0E2mfOIj5Ti5mfxer9AXjPos24+EXU+i08TOfJsGvisR6zPybLxEfbPpDwXMKJcdhZepbLK09PgU2lRdC+2Rj9C2SJjJas/C0x/lfm2yxNct6z6xaY/il68PBay+syDhRVY9EeZVY4BsfYWO3EZK+r7Dtnc/LjAedbPzSiVWZK0aFdO1XaZF5pPppk9ubZdVtvjrm3LNWfk247Zo82O3wmMeP5NeIn663wW5j1jmPhMN5PsI71o9z8A9Nt+ntE6jb9w1WLJHxi2S8amJ4+qYzcRPpzWY9YnjLSMOmZgAo/YWRwMOwHOMutXG2avFsPybI7J57+9NQKOlm2cxx3r5ejRHiqNX2iHddN7ZqN76i0GzaOJtq9XrcGGkR6zfLlrSsR9s2tHDo+ptz02ydN7hvOtmK6PSaHPmyTPpFMWK97TP2RWszL89WO4bzLbykkg5BHIUjp0JByD9P2EXvEg3OhfqD9IuSsUvNInmK/N5+vjy5/Lw/MTqp/8AaL8ceVpjy9PLy/7nqT8CD/i7bl/585P/AHAwoamPugv7Zex/wBX/AEvVNxf3Oj9qnef4dn/RdOzjjAdsHfnoZqf/AJ7Zx+zfMz/+2i3H6SNi/sDoP3hpv6DG/Mf1vH/2x3P9/Zf8+XpH8Bb8yHkF/wA6tB/3IrRrB+6F/wBufTn8EZv9Ku2s/c5P2vt+/hTH/RSvS8WKsftOAe/SjktSq+Hg1w4lHUzONVbKw+ZLM+hH7hqM0taj9RJSZmLGex9q8ek9onp2cnHGW+qxxz/dZNFqa1/LNpiI+2V/fbD0OXX+zr1Diw/TpXSZPyU12mtb/JEz+R4wDLr1T8JGXwdOvl1L3yG8aJmPNoBieOJe3nw4Mtq8z4O8bbKqdacRV63q8RntNqbNUW5wp2TilvGfQg/yF5E+nWfafQzSpKvUZGehr2ndm1ex+PfVGl1cTE5d0yaikzz87HqorqMdomfWJpkiOY8uYmPh5foi9mXedFvngP0xqtBaLYsW2U09vPmYvpptp78/VzbHNo59YmJ9JiZvcFh19gBZ94gOTQMR4VcmrexU2lh3UWV0LJOKShLlhlcI8XqmC7vJS37O4ZQlPrUpREXmYvT7Oe1ajefHTpXR6WJnJG86fLPHwpp7e/yT+KKY7TM/CI5WV9ozc9NtHgX1TqtVNa477PnwR3TER36mvyfHHn9d8tYiPj6PDUlPYlKDPqaSJPX4ehdP/Ab9JnumZfnStbumbfW9WXgq/mHZN/6XxH+c8/Gn725v2ycP/wCL/R6Vu39hH9qq346f0uqZpBhGzgAAAAAAAAAAAAAAAAAAAAAAAARnA/NVvf2LxP5RBEvwfynwSYIgAAAAAAAAA//X9/AAAAAAAANi1dO0veV1I/h6dPeAWj78lelr34iTP0klRsN9PIldjRoZLz8uvpHFdfh8vgAXPYvHVDxnHYii6Ki0VRHUXwKYr47Zl+6kB3oAAAAAA2n9Mn9v/QAgjIvzVcH/AFxn/wA1TgE7N/SJ/UAbwAAAbVIJZER93Qj6+5UpPXp8PaZGZefq9QClrrBcLyWZCsckxLGshsK1t5ivn3tDU3EyDHkLbcfjwpNhDkPQ2H3WULWlpSCWpCTPqZAOwiY1j0BDbUCjp4TbXXsREq4EdJErqaiJLUdJJJSj6n06dTAc50tSbiXjra83kJUlLxwYhvJ7j6qMnDYNRGoy8/PoYD7HIzbhJT7pCW+poQ2o0ISZpNPU209G3Ond1IlEoiPz6AOci6ERfAXT9z9ToQDUAAAAAAAAAAAGxxCXEKbWRGlZGlRGRGRkfwkfUj/bLoApupwrEKCOcSgxbHKKGfd1iU9DU1sYzWtx1RmxEhtNmanHVKPy81GZ+sz6h8t7rzAsoRGaybCsSyJqE+1Kht3mN0toiLJZUS25EZM2C8TLyVER9yehkAqtlhthJpaT2kZqV0L1dVLUs+iS6JSXcs/URAOYAAAAAAAAAAAHU3MNM+usoSuvSZWzYfaRkRq9lRXmSSR9D6KMlq974AFp+iZXoG5EVR+6iTJMZtKunmSFqZV3n76uiPtALxU/Sl+oX+gBqAAAAAAAAAAAAAAAAAAAAAAAAAAAAAAAAAAAAAAAAAAAAAAAAAAAAAAAAAAAAAAAAAAAAAAAAAAAAAAAAAAAAAAAAAAAAAAAAAAAAAAAAAAAAAAAAAAAAAAAAAAAAAAAAAAAAAAAAAAAAAAAAAAAAAAAAAjPAvy62D+yh/8A7ckSt6R+IlJgiAAAAAAAAAAAAAAAAAAAAAAAtp5i/wDFi3P+w2T/ACuGLjeEf7ZWz/vyv+bZb7xW/a63f952/nh4Y8x/wxzH9mGVn/8AbDZD9Auz/wBhtF+88H9DR+cTqf8Atj1376yf50vR94Cf5mXIz/nIxD7X/sHjWL90M/tq6Z/gvU/6S2vfc4v7RuoP4Rwf0eRn0Gu5seAAAAfng5D/AISZN+yjJvtf/P6x9Q/Shtv9jNL9fyTB/RUfmE6p/tj1375v/O9OXgPf8XzdX/Pcr/uBhw1VfdBv2x9i/gH/AP29S26fc6P2qt4/h2f9F07OYMBGwcAYjvGU4+z9vcXW9iY7CcnZPx/u388cjMIW7IlYFPg+1ewGmGkJMzVXQURrZZmZETNYsvNRkQzJ9iPxG0/RnixPTW53jHtXUeCNJFpniK6ul+/RzM/8+8308f8AOz19IiWGHtyeGWo688ILb7tlO/dun8ttVxEczOltWK6mI+qKduLPefhjwX9ZmHkbI1e5W2840sjQ6y/GdNt5lxCicZkxnke6aeZcSlbayPqlREZeoblPL6N4ia+cTFo5iYnymton1iY8rRPrE8NHeHNl02eufDM1zY7RMT5xMTE/ZxP2T6PXf4eXiVYFyMw2g1vtrI6fDeQmPwIVRMj3U6PWV21kxGG47eWYjKlONR37mx7O+wqiUUliSa1soXHUlSdMvtJ+y51F4Z73qOp+jtLn13hxqclslZxUte+390zM6fUVrEzGKnPGHUcdl6RFb2rliYneZ7M3tU9L+K3T2m2DqjVYdF4h6bHTFkrmvWka2a14jNhtbtrOW8R3ZcUcT3d1sdZpzFMsww8Zjrf+Q3J/S3F3DJmabezGDSNNx3F02NRXWJ2Z5bMIlkxV4pjSX259tMkvI7O/oiMx5rfdaaStabjeG3hR1z4sb5TY+jNFkz3m0Rkz2iaabT1+OTUZ+JpjrWPPjzvb6OOl7zFZt14k+K3Q3hRseTfetNdi0+OtZnHhiazqM9vPimHFzFrzMxxNvLHSObZL0rE2jxX8puReWcqt4ZjubLGXK727dZrMUxg5RTWMNwapU+jHcYYkJS21IfjokOyZr7aG0SbCS+6lKUqSkt53hJ4abP4RdBaLofZ5jL7iJyajP29s6nVZOJzZ5r5zETxWmKszM0w0x0mZmJmdA/jf4sbr4zeIWs603GJx6bJb3emw88xg01JmMWOJ4jniPnXnisWy2yZO2s3msX0+DZoOw2jypY2nNrjewrQlRNv5U6Qys4b+e5LAmUeHVTDnklU+DCkTbM/M/RFGZNX98R1sD7bniJpuk/CO3SWDL2771DmrhrWJjujSYL1y6nJMf3FrVxYP+d33iPo24yP9gvwz1XVPit/VtqsUzsew4bZO+YnttqctbYsFI+uY5vmifwbYPPztXn1vTYcWxhy6+dHalwp0Z+HMivoJxiTFlNLYkR3mz8ltPMrNKiPyMjGm7BnzabPTU6e00z47Rato8pras8xMT8JiYiYbqNRgw6rBfS6msX0+Sk1tWfOLVtHFqzHxiYmYn7Hgq5OaPtuN+/NoaZtWXUt4fksn5XJTqVEm2wm4M7fC7ZpR+5cTJx+Wy252mokSmXWzPuQZF+hfwq6+0fid4d7T1xpJrN9bpa++rH/J6rH+x6rHP1duatprzEc47UtxxaOfzheNnh1rfCzxM3Xo3V1tGDT6m04LTz+yae/F8GSJn6U2xWpa/HPbebUmeayuT8OznBM4ZbUsHcij2N1pjYya6v2NTVqDk2VJLr1uIpc+oIXck5lhTNSHWJkVJkqbAc6IJTzDCTtd7S3gLg8cOkcddstjwdcbZ330WS89tMtb8e90mW34NMs1rbHknyxZY8+KZMkrteyl7RF/A7qzJpd7jJl6G3Pspqq187YbVmfd6jHWePnY+60WrEx30taJ5tGOa+wzWu1NcbixaBmurc1xzO8WsmWno1xjlnHsGE+lR3lHmNNq9k1s5supORpKGpDSyNK0JURkWlbqjpHqfondsmxdWaDU7fu2K0xbHmpNJ8vjWZ+bek+tb0m1LRxNbTExM7yOmerOmes9qpvfSuu02v2vJETGTDeLxH/NtEfOpePOLUvFb1mJi1YmJiKzsLCBUwpVlazodZXQmVyJthYSWYUKJHbLq4/KlSVtsR2UF61LUSS+EdHptNqNZnppdJjvl1OS0RWlKza1pn0itaxMzM/CIiZd3qdTp9HgtqtXkpi01I5te9orWsR8bWtMREfbMxDzjeKl4lGHZzid5xe485C1klZdSSr9wbKpnUvY9Kp4b6HnsAwy1ZWaLv22lspTbWEczhphpVFaceU+6bGzf2RvZd3rYN40/ix4k6adLqsFe/btFkjjNXJaJiNXqcc+eL3dZmdPhv8AsvvJjLetIx079Xvtje1fse47JqPCjw11NdV8omK6/WYp5xe7rMW+T4MkT+yd1oicuSv7Hake6rOSt8nZ58P1ff8A/V/U8hsf/F6NVz1G+BB/xdty/wDPlJ/7gYSNTf3QX9svY/4Ar/peqbkvudH7VO8/w7P+i6dnHGA7YO/PPzX/AA3zj4Pl3zT/AL0W/kP0kbD/AGB0E/8A8hpv6DG/Mf1v/bjuf1/Lsv8Any9JHgLfmQ8gun6K1B/3IrRrB+6F/wBunTn8EZv9Ku2s/c5P2vt+/hTH/RSzRbf1vT7i1XsTVWQdpU+w8MyLEJrptk6qIi9q5Ne3PabM0kciuefS+15l0cbSYwb6L6n1vRXV22dXbd/x3bddh1FY547pxZK3mkz9V4iaW+y0s8etOmNH1r0juXSWvnjSbloc2ntb4097jtSLx/zqTMXr/wA6sPArmmF5JrfMss13mMNUDLcDyO4xHJIavU3b0Mx2vlusqMkk5EmG0T8dZe5dYdQsjNKiM/0RbFvu19T7Ho+pdkvGTZ9w0uPUYbR8ceWsXrE/VavPZePWt62rPnEvzX9XdNbn0f1NrumN5xzh3PQ6rJhyV8+Itjvas9szEd1eazFbccWiO6vlMSyqeFx4hNVxXubTT+4JUhrRuc3Xt3AyRtl6WrV2YS2WothZzIkdp2ZIw7JW47JzfRJWuBKa9kEg23pCk4je1l7N+r8W9Di616LpWevtBg91fBMxX5dpqzNqUra0xWNThm1vdd3EZcdvdzaLUxxOansb+07ofC3VZPD/AK5yWr0Zrs8XxZ/O3yTPMRSZtWIm04csVpF4rz2TWt6188s29X2M5TjOaUkHJMPyGkyrHrNlEiuvMdtIVzUTmVpStLsSxrn5ER9BpUR9UrP1jUBuu0brsWvybXvWmz6TcsVuL4s2O2LJSY+FqXiton8cNyO1bvtW+6DHumy6nBq9ty1iaZcOSuXHaJjmJrekzWfKfhLXJMnxrDqeZkWXZDSYtQVzZvT7vIrWDS1EJpJGo3JdjYvxokdBJSZ9VrL1Cm2bVum962m27Nps+r3HLPFMWHHfLktP1VpSLWn8kK7nuu17Jor7lvOpwaTbscc3y5slMWOsevNr3mtY/LLyteKV4idLyZkQdG6TnSZOl8XumrrKMuNl2G3s/KK01pp2qdh9DUwsIxt1a323XUo9sp3o3UtkzGZce24+yX7NOu8LMeTr7rvHWvXOrwTiwafmLTocF/65OSYma/Ks8cUmtZn3GLupNu/LetNPXtke1Ht/iX2+HHQOW1+kNNn79TqPOsavNTmK1pE8W9xi5tx3RHvckxk7YjHivbDaM3Ja+3qw8FX8w3Jf/S+I+r1flnn40/8Atzftk4v/AMX+j0rdz7CP7VVvx0/pdUzSDCNnAAAAAAAAAAAAAAAAAAAAAAAAAjOB+are/sXifyiCJfg/lPgkwRAAAAAAAAAB/9D38AAAAAAAA419nl3+rz+H4PtesBZnuZw51vT1zJ+cm8YYbT099UlozLr6+nas/wB39wLzGkJaabaR9K2hLaftE2XYRfD5dAHIAAAAAANp/TJ/b/0AIIyL81XB/wBcZ/8ANU4BOzf0if1AG8AAAAAAAAAAAAAAAAAAAAAAAAAAAAAAAAAAAAAAAAB87pJM0dfMydZV+oRL7U+rp6lLMBZdqYjhZRkNa8Z+kjXstvtMunRRzn+74C6qI/8AYAvTaMzbT19ZdC971dSIBzAAAAAAAAAAAAAAAAAAAAAAAAAAAAAAAAAAAAAAAAAAAAAAAAAAAAAAAAAAAAAAAAAAAAAAAAAAAAAAAAAAAAAAAAAAAAAAAAAAAAAAAAAAAAAAAAAAAAAAAAAAAAAAAAAAAAAAAAAAAAAAAAAAAAAAAAAIzwL8utg/sof/AO3JErekfiJSYIgAAAAAAAAAAAAAAAAAAAAAALAednI7QODa6znR+e7m13gGz8618q0xfG82vV0R2FbLtX4MWwcmewpTEWDInU8hlLi/L0jRkfQvMX38EfDzrzeuoNF1rsWz7hr+mtDr+zNm0+KMvbetItakV7qza0VyUtMR8LQsr4ydb9G7X09rukd33TQ6Lf8AWaHuxY8+ScfdW9rVrabdtorW1sd6xM/Gs/U8j2aamsnWdlbBoM90znVDj1y9f3zGvtpUOV3tTSZdmvtLQ2smjjtx5/sGVbW8ZhakpUplbxekSkupluc6d6/2nUajbOmNTo950W56nTxjxTq9Bm0+LJk02m95lpGW3NO6uPHe0RMx3RWe2Z8udIfXHhB1DodDufW2HV7Tq9o0+at8sabWYM2Slc2WuOlppW/fNe+9K8xXmO6vdFefLPl4CsaQnVHIaaplZRH9oYzFZkGkyadkw8Miuy2UL6dqnGG5rRqIj6pJxPX1l118/dC8uOer+msEWj31dpz2mPjFbam0VmY+qZraI+viWw37nHhy16B3/PasxhtueKsT8JmuK02j8cRasz9lo+uOc9o15NjIAAAD88TJW3Gsoytl5txp5nLMqZeacSpt1l5rIbNt1p1Cuim3GnEGlSTLqSi6GP0nbXet9p0d6TFsc6PTzEx5xMThpMTE/GJjzj7H5h+rKXxdTa/HkrNcldVeJiY4mJ59Jj63pz8B9l0uO+5pBtrJh7eUhpp7tP0TjsfAMK9O2hfqUtn0qe4v8XuL4Rqq+6DXpPiVseOJj3kbBWZj4xFtXquJ/FPE8filtz+500vXwo3i8xMUnfbcTx5TMaXTzPE/HiJifyx9bOQMBmwUAcEqLGnRpEKbHYmQ5jD0WXElMtyI0qNIbU0/HkMOpW0+w+0s0rQojSpJmRkZGOTFly6fLXPgtamelotW1ZmLVtE8xasxxMTExzEx5xPnDjzYcWoxWwZ61vgvWa2raImtqzHE1tE8xMTE8TE+Ux5S8j3iLeGllvGvIcg2zpygnZFxxspK7J+LWFIs7nTj8txbkmouoiUOTZGAMvqP2vsy9L7BZUmNMNPY1If3JezP7Umz+KG26bo7rbU49N4m4q9kWv248W5RWIiuTFbyrGrmP69gnt97aJy4Inuvjx6W/ao9knevDzdNV1z0Dp76nw+y2nJfHTm+TQzPnauSPpTgif63mnniJimWYyRF8+I7o082k/yN5tRpcQou1xHUj6ocbV7pPck/pVJPqR+oxmTzfHafWLek/CfxT/3xLBKLZMN/Lurkjyn1iftifj+OJTRS8jORGN1bVHj2/d1UdMy36JiqrNpZrFgsNdDL0UdhF12R2+ij9y32kXUeG13hl4a7pq51+5dO7FqNbaeZyX0GlteZ+uZnFzM/bPK4mh8YPFTbdLGh2/qPe8OjrHEUx63U0pWPqrWmWtax9kRCK7e3uMhtJF5kFvbZBdy+pSrm/s593byep9ej1naSJU51BmfXtNZp6j12j0Wi2zS10G24cOm0FPo4sNKYsdfxUx1rWP4uXit03jdt71NtZvGpz6rV34m18t7Xtbj0m1rTMzMfXMzKb+N/GTcHKzPWcB1BjqrF1h2MeUZbYJfYwzA619w0rtMquENONsrJtK1MQGfST5qkGllsy7lp8F4n+KvRfhD09bqHrTUxjpaJ9xp6cTqdXeI/renxzMTMc8RfLbjFiieb29Itcrwi8FeuPGbqKmx9K6a86aJic+pvE1wYMcz9PJk4mI58+2sRa9+J93S81mI9pXFfjNgXEzTlBqHAjkTWYTr9xk+TWDbbdtmeYWTbBXWTWbbRrajrlnHbajx0KUiJDYZYSpRNkpWjTxc8U+ofGLrbUdZ9Q9uO+SIx4MFJmcem01Jn3WCkz5zFe6bXvMROTJa+SYibcRvw8JPCzp3wd6J03RfTkTbFj+fmzTERfUai0VjJmvEc8cxWtaV5t2Y6UpNrTWbWuMFs1zGL7xKfD/j8v8Mr8y1/7WVO/tf178bF5li97Cq84xpb65svAcgnEhZQzOU4uRVTVpUiFMWtLnaxIeWjK/2XfaMy+C2+ZNk6i97m8O9yyRbPWkd2TS5+IrXV4aeXd82IpqMUcTlxxWa85MVK2xM9qf2bdJ449PU3PY/d4PEHb6TGDJaYrXUYuZtOmyW9I4ta1sNrfNra16Wmtck5KeQzLsSyrAcousJznHLjEMwxyWuDe41kEF2ut6yS2fkT8Z0vyWM8XRTMho1x5DSiW0taFEo9zmzbzs/UW04N+2DU4NbsuppF8WfDaL48lZ+q0elo9LUtxelomt61tExGjfqTpjf+j94z7B1Lpc2j3bT5Jpkx5KzW0Wj8cR5THnWY8prMWjmsxM6YxlmW4PZKucIyzKMLt3CIl2mIZDc4zYO9vXt9NMpJsF98k9x9O81dOvkG7bPs+/aaNFv2j0mu0cf8nqMOPPSPxVy1tEfk45Nk6o6j6bzfKen9fq9DqOIjvwZr4r8R5xEWpatoiOZmIiYd3l+09pbCYRE2Bs/Y2dw0dvZCzLOcoyaEXYrvT/wG5tJkQySsupdUH0Pz9Y+DZekekum8k5unNq2zb80+ttNpdPgt/wBrHjrb08vV2e+eIPXXUuL3HUO8bnrsPl5ajU5s0RxPMce8vbjifOOOPNu1Zq7PN0Z7jurtX4zOyzNcmkIjVdNXNkSWIyVJKTb2ss+kSkx2qaP0kqdIU3Hjtp6mrr0Sbq3q3p7ofp3U9WdWarHo9i0tZtfLefW34OPHX6WXNkn5uPFSJve0+UcczDofoTqrxH6jwdMdI6XLrN41N+IivpEfhXyXnitKVie697TFa1+daYrzMUZOiO186fXSSIpVbPn1ktBd3aiXWzH4EtBd6Uq6Ikx1p8yIz6eZF6i7vT5qanT49Ti591lx0vX7a3rF6z+WsxPxea3DQ6jbNdl2/VREajDkmluPrj+J6iPAhYeTxw3DIUy4mO9vWc2zIUgyZecj4DgyZDbTn0q1R1OJJZF9KZkRjU990FvSfE7ZccWiclen6TMc+cRbV6rtmY+HPE8fXw3Ffc6seSvhPu+S1bRjtvtuJmJ4njS6bnifjxzEzx9cfWzhjAlsDfnqZ2y9Gz3Po0hpbL8bPc4YfZdSaHGXmcruG3WnEGRGhxtxJpUR+ZGQ/SN09emXp7bsuOYtjtt2lmJifKYnT45iYn6pjzh+ZHrql8fWe60yRNcka7NExMcTExeeYmPhMPSP4C7Tpac3++bThMObapWW3jSr0TjzGDU632kOdO1TjKZDZqIvNJLT19ZDWD90KvSetunMcTHvI2bLMx8YidVkiJmPqnieJ+PE/U2tfc5ceSPDvfckxPu53XHETx5TMYeZjn64i1Zn7Jj64Z5Br3bFGEfxS/DdtN9qe5D6GqmJG46usZiZ7hTa24i9p0FRF9DWz6d1w0Rk7AoIbRR2kOqQi0gpRHNxDrEcl54eyV7T2k8PIr4beIWa1eicuWbaTVTE2+QZslub0yRHNvkea099prEzgyzbJ2zTJkmuBPteeytk8UcdvELoLFSOucGLjUYI4j5bjpWIras+k6ilaxSIn+u44pFZi+OtMvlrmRJtbOnVdlCm1drVS34FpVWcSTXWtVPjLU1Jg2ddMaYmV06M6g0radQhaFEfUhtow5sGq0+PVaW+PLo8tIvjyY7VvjyUtHNbUvWZrelo84tWZiY9GmjcNu121avJt+5YcmDW4rzW9MlZratqzxas1niYmJiYmJ84mOJ4mJiKlxDYOwNeOvva9z3N8Cekma5K8Ky3IMVKQpSSJS5CKOwgtPrUkiI1KI1GXvjq966b6c6lpWnUm3aDcaU+jGq0+HUcfZHvaXmI+yOId5sPWvWHS82t05um4aCbTzM6fUZcMzPHHnOO9Zny8vOfTyaZhn+f7DeZkbBzzNs9fjGSo681y2/yo2FEk0kphF7YTm2VpSfQlJSSiIw2Xpzpzpqk4+m9v0G3Y7fS+S6fDg5j7fdUpM/imZjlTfeter+p7RbqPdNfr7VnmJ1GfLmmJ448rZLWtHl5evp5eioNXae2Pui0yOr1xjM3IXMOxS+zjMJzSVoqcXxfHKuXbT7K9sjQpiEuSxCU1CYMzkTpKktMoUZmaeu6t626Y6G0um1fU+qppqa7WYtLpqT55M+fNkrjpTFT1t2zeLZLx8zFSJte0Rxz2fRPhx1f4g5dXTpfR5NRi0GizarPk44x4sOHHfJa1r+kTMUmtI9b34pWLXmInp9f4Fc7Il3DFJPxioiY9ilhnGQX2Z5JX4ljVJi1ZIq4Uu1s7qyP0DSSm3cRltCSW444+kkkfmZfT1P1PtvSOlxarda6rJOo1dNLix6fDfUZsmfJF7Vx0xY/nT83Fe0zPERFZmZjyR6I6A33r3ds+0bNOnx5dLp75818+XHhx48dLVpM2vktWv071rERzM2mIiPq9Bnhs8n+MHFzV11i+5OS+h6i4nt0DcZigz9vKWetbYZW7J9PKrawo7X5HcxzT0UslGpRdfcn11m+0/4eeI', 2, 1);
INSERT INTO `preguntas` (`id`, `codigoPregunta`, `detallePregunta`, `enunciado`, `tipoPregunta_idTipoPregunta`, `competencias_idCompetencias`) VALUES
(8, '', 'Actitudinal', '<p>holaaa corazón te AMO</p>', 2, 1),
(9, '', 'Actitudinal', '<p>holaaa corazón te AMO</p>', 2, 1),
(10, '', 'Actitudinal', '<p>holaaaaa &lt;3&nbsp;</p>', 2, 1),
(11, '', 'Actitudinal', '<p>holaaaaa &lt;3&nbsp;</p>', 2, 1),
(12, '', '111', '<p>holaaa muchacha bonita</p>', 2, 1),
(13, '', '111', '<p>holaaa muchacha bonita</p>', 2, 1);

-- --------------------------------------------------------

--
-- Estructura de tabla para la tabla `rangos`
--

CREATE TABLE `rangos` (
  `idRangos` int(11) NOT NULL,
  `rangoIni` varchar(10) DEFAULT NULL,
  `rangoFin` varchar(10) DEFAULT NULL,
  `sugerencias_idSugerencias` int(11) NOT NULL
) ENGINE=InnoDB DEFAULT CHARSET=utf8;

-- --------------------------------------------------------

--
-- Estructura de tabla para la tabla `respuestas`
--

CREATE TABLE `respuestas` (
  `id` int(11) NOT NULL,
  `detalle` text NOT NULL,
  `correcta` tinyint(4) DEFAULT NULL,
  `preguntas_idPregunta` int(11) NOT NULL
) ENGINE=InnoDB DEFAULT CHARSET=utf8;

--
-- Volcado de datos para la tabla `respuestas`
--

INSERT INTO `respuestas` (`id`, `detalle`, `correcta`, `preguntas_idPregunta`) VALUES
(1, '<p>este no fue</p>', 1, 11),
(2, '<p>este tal vez</p>', 0, 11),
(3, '<p>este puede que si</p>', 0, 11),
(4, '<p>este ya no</p>', 0, 11),
(5, '<p>kmkWEF</p>', 1, 12),
(6, '<p>KJFNDFF</p>', 0, 12),
(7, '<p>puede que si</p>', 0, 12),
(8, '<p>noo</p>', 0, 12),
(9, '<p>kmkWEF</p>', 0, 13),
(10, '<p>KJFNDFF</p>', 0, 13),
(11, '<p>puede que si</p>', 1, 13),
(12, '<p>noo</p>', 0, 13);

-- --------------------------------------------------------

--
-- Estructura de tabla para la tabla `sugerencias`
--

CREATE TABLE `sugerencias` (
  `idSugerencias` int(11) NOT NULL,
  `detalle` varchar(100) DEFAULT NULL,
  `competencias_idCompetencias` int(11) NOT NULL
) ENGINE=InnoDB DEFAULT CHARSET=utf8;

-- --------------------------------------------------------

--
-- Estructura de tabla para la tabla `tipopregunta`
--

CREATE TABLE `tipopregunta` (
  `idTipoPregunta` int(11) NOT NULL,
  `tipoPregunta` varchar(45) NOT NULL
) ENGINE=InnoDB DEFAULT CHARSET=utf8;

--
-- Volcado de datos para la tabla `tipopregunta`
--

INSERT INTO `tipopregunta` (`idTipoPregunta`, `tipoPregunta`) VALUES
(1, 'Interactivo'),
(2, 'unica respuesta');

-- --------------------------------------------------------

--
-- Estructura de tabla para la tabla `tipousuario`
--

CREATE TABLE `tipousuario` (
  `idTipoUsuario` int(11) NOT NULL,
  `tipo` varchar(35) NOT NULL
) ENGINE=InnoDB DEFAULT CHARSET=utf8;

-- --------------------------------------------------------

--
-- Estructura de tabla para la tabla `users`
--

CREATE TABLE `users` (
  `id` int(11) NOT NULL,
  `name` varchar(20) NOT NULL,
  `email` varchar(45) NOT NULL,
  `password` varchar(255) NOT NULL,
  `personas_idPersona` int(11) NOT NULL,
  `tipoUsuario_idTipoUsuario` int(11) NOT NULL,
  `updated_at` date DEFAULT NULL,
  `created_at` date DEFAULT NULL,
  `remember_token` varchar(255) DEFAULT NULL
) ENGINE=InnoDB DEFAULT CHARSET=utf8;

--
-- Índices para tablas volcadas
--

--
-- Indices de la tabla `años`
--
ALTER TABLE `años`
  ADD PRIMARY KEY (`id`);

--
-- Indices de la tabla `competencias`
--
ALTER TABLE `competencias`
  ADD PRIMARY KEY (`id`);

--
-- Indices de la tabla `cuestionarios`
--
ALTER TABLE `cuestionarios`
  ADD PRIMARY KEY (`idCuestionarios`),
  ADD KEY `fk_cuestionarios_competencias1_idx` (`competencias_idCompetencias`);

--
-- Indices de la tabla `cuestionarios_has_personas`
--
ALTER TABLE `cuestionarios_has_personas`
  ADD KEY `fk_cuestionarios_has_personas_personas1_idx` (`personas_idPersona`),
  ADD KEY `fk_cuestionarios_has_personas_cuestionarios1_idx` (`cuestionarios_idCuestionarios`);

--
-- Indices de la tabla `detcuestionario`
--
ALTER TABLE `detcuestionario`
  ADD PRIMARY KEY (`idDetCuestionario`),
  ADD KEY `fk_detCuestionario_preguntas1_idx` (`preguntas_idPregunta`),
  ADD KEY `fk_detCuestionario_cuestionarios1_idx` (`cuestionarios_idCuestionarios`);

--
-- Indices de la tabla `historialsaberpros`
--
ALTER TABLE `historialsaberpros`
  ADD PRIMARY KEY (`idHistorial`),
  ADD KEY `fk_historial_saberPro_competencias1_idx` (`competencias_idCompetencias`);

--
-- Indices de la tabla `materialapoyo`
--
ALTER TABLE `materialapoyo`
  ADD PRIMARY KEY (`idMaterialApoyo`),
  ADD KEY `fk_materialApoyo_competencias1_idx` (`competencias_idCompetencias`);

--
-- Indices de la tabla `personas`
--
ALTER TABLE `personas`
  ADD PRIMARY KEY (`idPersona`),
  ADD UNIQUE KEY `numIdenti_UNIQUE` (`numIdenti`);

--
-- Indices de la tabla `preguntas`
--
ALTER TABLE `preguntas`
  ADD PRIMARY KEY (`id`),
  ADD KEY `fk_preguntas_tipoPregunta1_idx` (`tipoPregunta_idTipoPregunta`),
  ADD KEY `competencias_idCompetencias` (`competencias_idCompetencias`);

--
-- Indices de la tabla `rangos`
--
ALTER TABLE `rangos`
  ADD PRIMARY KEY (`idRangos`),
  ADD KEY `fk_rangos_sugerencias1_idx` (`sugerencias_idSugerencias`);

--
-- Indices de la tabla `respuestas`
--
ALTER TABLE `respuestas`
  ADD PRIMARY KEY (`id`),
  ADD KEY `fk_respuestas_preguntas1_idx` (`preguntas_idPregunta`);

--
-- Indices de la tabla `sugerencias`
--
ALTER TABLE `sugerencias`
  ADD PRIMARY KEY (`idSugerencias`),
  ADD KEY `fk_sugerencias_competencias1_idx` (`competencias_idCompetencias`);

--
-- Indices de la tabla `tipopregunta`
--
ALTER TABLE `tipopregunta`
  ADD PRIMARY KEY (`idTipoPregunta`);

--
-- Indices de la tabla `tipousuario`
--
ALTER TABLE `tipousuario`
  ADD PRIMARY KEY (`idTipoUsuario`);

--
-- Indices de la tabla `users`
--
ALTER TABLE `users`
  ADD PRIMARY KEY (`id`),
  ADD KEY `fk_usuario_personas1_idx` (`personas_idPersona`),
  ADD KEY `fk_usuario_tipoUsuario1_idx` (`tipoUsuario_idTipoUsuario`);

--
-- AUTO_INCREMENT de las tablas volcadas
--

--
-- AUTO_INCREMENT de la tabla `años`
--
ALTER TABLE `años`
  MODIFY `id` int(11) NOT NULL AUTO_INCREMENT, AUTO_INCREMENT=7;

--
-- AUTO_INCREMENT de la tabla `competencias`
--
ALTER TABLE `competencias`
  MODIFY `id` int(11) NOT NULL AUTO_INCREMENT, AUTO_INCREMENT=6;

--
-- AUTO_INCREMENT de la tabla `historialsaberpros`
--
ALTER TABLE `historialsaberpros`
  MODIFY `idHistorial` int(11) NOT NULL AUTO_INCREMENT, AUTO_INCREMENT=400;

--
-- AUTO_INCREMENT de la tabla `personas`
--
ALTER TABLE `personas`
  MODIFY `idPersona` int(11) NOT NULL AUTO_INCREMENT;

--
-- AUTO_INCREMENT de la tabla `preguntas`
--
ALTER TABLE `preguntas`
  MODIFY `id` int(11) NOT NULL AUTO_INCREMENT, AUTO_INCREMENT=14;

--
-- AUTO_INCREMENT de la tabla `respuestas`
--
ALTER TABLE `respuestas`
  MODIFY `id` int(11) NOT NULL AUTO_INCREMENT, AUTO_INCREMENT=13;

--
-- Restricciones para tablas volcadas
--

--
-- Filtros para la tabla `cuestionarios`
--
ALTER TABLE `cuestionarios`
  ADD CONSTRAINT `fk_cuestionarios_competencias1` FOREIGN KEY (`competencias_idCompetencias`) REFERENCES `competencias` (`id`) ON DELETE NO ACTION ON UPDATE NO ACTION;

--
-- Filtros para la tabla `cuestionarios_has_personas`
--
ALTER TABLE `cuestionarios_has_personas`
  ADD CONSTRAINT `fk_cuestionarios_has_personas_cuestionarios1` FOREIGN KEY (`cuestionarios_idCuestionarios`) REFERENCES `cuestionarios` (`idCuestionarios`) ON DELETE NO ACTION ON UPDATE NO ACTION,
  ADD CONSTRAINT `fk_cuestionarios_has_personas_personas1` FOREIGN KEY (`personas_idPersona`) REFERENCES `personas` (`idPersona`) ON DELETE NO ACTION ON UPDATE NO ACTION;

--
-- Filtros para la tabla `detcuestionario`
--
ALTER TABLE `detcuestionario`
  ADD CONSTRAINT `fk_detCuestionario_cuestionarios1` FOREIGN KEY (`cuestionarios_idCuestionarios`) REFERENCES `cuestionarios` (`idCuestionarios`) ON DELETE NO ACTION ON UPDATE NO ACTION,
  ADD CONSTRAINT `fk_detCuestionario_preguntas1` FOREIGN KEY (`preguntas_idPregunta`) REFERENCES `preguntas` (`id`) ON DELETE NO ACTION ON UPDATE NO ACTION;

--
-- Filtros para la tabla `historialsaberpros`
--
ALTER TABLE `historialsaberpros`
  ADD CONSTRAINT `fk_historial_saberPro_competencias1` FOREIGN KEY (`competencias_idCompetencias`) REFERENCES `competencias` (`id`) ON DELETE NO ACTION ON UPDATE NO ACTION;

--
-- Filtros para la tabla `materialapoyo`
--
ALTER TABLE `materialapoyo`
  ADD CONSTRAINT `fk_materialApoyo_competencias1` FOREIGN KEY (`competencias_idCompetencias`) REFERENCES `competencias` (`id`) ON DELETE NO ACTION ON UPDATE NO ACTION;

--
-- Filtros para la tabla `preguntas`
--
ALTER TABLE `preguntas`
  ADD CONSTRAINT `fk_preguntas_tipoPregunta1` FOREIGN KEY (`tipoPregunta_idTipoPregunta`) REFERENCES `tipopregunta` (`idTipoPregunta`) ON DELETE NO ACTION ON UPDATE NO ACTION;

--
-- Filtros para la tabla `rangos`
--
ALTER TABLE `rangos`
  ADD CONSTRAINT `fk_rangos_sugerencias1` FOREIGN KEY (`sugerencias_idSugerencias`) REFERENCES `sugerencias` (`idSugerencias`) ON DELETE NO ACTION ON UPDATE NO ACTION;

--
-- Filtros para la tabla `respuestas`
--
ALTER TABLE `respuestas`
  ADD CONSTRAINT `fk_respuestas_preguntas1` FOREIGN KEY (`preguntas_idPregunta`) REFERENCES `preguntas` (`id`) ON DELETE NO ACTION ON UPDATE NO ACTION;

--
-- Filtros para la tabla `sugerencias`
--
ALTER TABLE `sugerencias`
  ADD CONSTRAINT `fk_sugerencias_competencias1` FOREIGN KEY (`competencias_idCompetencias`) REFERENCES `competencias` (`id`) ON DELETE NO ACTION ON UPDATE NO ACTION;

--
-- Filtros para la tabla `users`
--
ALTER TABLE `users`
  ADD CONSTRAINT `fk_usuario_personas1` FOREIGN KEY (`personas_idPersona`) REFERENCES `personas` (`idPersona`) ON DELETE NO ACTION ON UPDATE NO ACTION,
  ADD CONSTRAINT `fk_usuario_tipoUsuario1` FOREIGN KEY (`tipoUsuario_idTipoUsuario`) REFERENCES `tipousuario` (`idTipoUsuario`) ON DELETE NO ACTION ON UPDATE NO ACTION;
COMMIT;

/*!40101 SET CHARACTER_SET_CLIENT=@OLD_CHARACTER_SET_CLIENT */;
/*!40101 SET CHARACTER_SET_RESULTS=@OLD_CHARACTER_SET_RESULTS */;
/*!40101 SET COLLATION_CONNECTION=@OLD_COLLATION_CONNECTION */;
